DateObserved,HourObserved,LocalTimeZone,ReportingArea,StateCode,Latitude,Longitude,ParameterName,AQI,AQICategoryNumber,AQICategory,csaRank,csaFullName,csaPrimaryCity,csaPrimaryCityState,csaPopulation2018Estimate,csaPopulation2010Census,csaPrimaryCityLat,csaPrimaryCityLong,csaPrimaryCityZip,csaTimeZone,csaStandardTimeUtcOffset,csaDaylightSavingsTimeUtcOffset,csaSearchLat,csaSearchLong,csaSearchRadius
2020-04-01 ,0,EST,Newark,NJ,40.7267,-74.1442,OZONE,39,1,Good,1,"New York-Newark, NY-NJ-CT-PA Combined Statistical Area",New York City,NY,22679948,22255491,40.7128,-74.006,10001,Eastern,-05:00,-04:00,40.8419,-73.8359,25
2020-04-01 ,0,EST,Newark,NJ,40.7267,-74.1442,PM2.5,27,1,Good,1,"New York-Newark, NY-NJ-CT-PA Combined Statistical Area",New York City,NY,22679948,22255491,40.7128,-74.006,10001,Eastern,-05:00,-04:00,40.8419,-73.8359,25
2020-04-02 ,0,EST,Newark,NJ,40.7267,-74.1442,OZONE,39,1,Good,1,"New York-Newark, NY-NJ-CT-PA Combined Statistical Area",New York City,NY,22679948,22255491,40.7128,-74.006,10001,Eastern,-05:00,-04:00,40.8419,-73.8359,25
2020-04-02 ,0,EST,Newark,NJ,40.7267,-74.1442,PM2.5,13,1,Good,1,"New York-Newark, NY-NJ-CT-PA Combined Statistical Area",New York City,NY,22679948,22255491,40.7128,-74.006,10001,Eastern,-05:00,-04:00,40.8419,-73.8359,25
2020-04-03 ,0,EST,Newark,NJ,40.7267,-74.1442,OZONE,29,1,Good,1,"New York-Newark, NY-NJ-CT-PA Combined Statistical Area",New York City,NY,22679948,22255491,40.7128,-74.006,10001,Eastern,-05:00,-04:00,40.8419,-73.8359,25
2020-04-03 ,0,EST,Newark,NJ,40.7267,-74.1442,PM2.5,13,1,Good,1,"New York-Newark, NY-NJ-CT-PA Combined Statistical Area",New York City,NY,22679948,22255491,40.7128,-74.006,10001,Eastern,-05:00,-04:00,40.8419,-73.8359,25
2020-04-04 ,0,EST,Newark,NJ,40.7267,-74.1442,OZONE,34,1,Good,1,"New York-Newark, NY-NJ-CT-PA Combined Statistical Area",New York City,NY,22679948,22255491,40.7128,-74.006,10001,Eastern,-05:00,-04:00,40.8419,-73.8359,25
2020-04-04 ,0,EST,Newark,NJ,40.7267,-74.1442,PM2.5,19,1,Good,1,"New York-Newark, NY-NJ-CT-PA Combined Statistical Area",New York City,NY,22679948,22255491,40.7128,-74.006,10001,Eastern,-05:00,-04:00,40.8419,-73.8359,25
2020-04-05 ,0,EST,Newark,NJ,40.7267,-74.1442,OZONE,20,1,Good,1,"New York-Newark, NY-NJ-CT-PA Combined Statistical Area",New York City,NY,22679948,22255491,40.7128,-74.006,10001,Eastern,-05:00,-04:00,40.8419,-73.8359,25
2020-04-05 ,0,EST,Newark,NJ,40.7267,-74.1442,PM2.5,52,2,Moderate,1,"New York-Newark, NY-NJ-CT-PA Combined Statistical Area",New York City,NY,22679948,22255491,40.7128,-74.006,10001,Eastern,-05:00,-04:00,40.8419,-73.8359,25
2020-04-06 ,0,EST,Newark,NJ,40.7267,-74.1442,OZONE,39,1,Good,1,"New York-Newark, NY-NJ-CT-PA Combined Statistical Area",New York City,NY,22679948,22255491,40.7128,-74.006,10001,Eastern,-05:00,-04:00,40.8419,-73.8359,25
2020-04-06 ,0,EST,Newark,NJ,40.7267,-74.1442,PM2.5,35,1,Good,1,"New York-Newark, NY-NJ-CT-PA Combined Statistical Area",New York City,NY,22679948,22255491,40.7128,-74.006,10001,Eastern,-05:00,-04:00,40.8419,-73.8359,25
2020-04-07 ,0,EST,Newark,NJ,40.7267,-74.1442,OZONE,42,1,Good,1,"New York-Newark, NY-NJ-CT-PA Combined Statistical Area",New York City,NY,22679948,22255491,40.7128,-74.006,10001,Eastern,-05:00,-04:00,40.8419,-73.8359,25
2020-04-07 ,0,EST,Newark,NJ,40.7267,-74.1442,PM2.5,24,1,Good,1,"New York-Newark, NY-NJ-CT-PA Combined Statistical Area",New York City,NY,22679948,22255491,40.7128,-74.006,10001,Eastern,-05:00,-04:00,40.8419,-73.8359,25
2020-04-01 ,0,PST,Central LA CO,CA,34.0663,-118.2266,OZONE,51,2,Moderate,2,"Los Angeles-Long Beach, CA Combined Statistical Area",Los Angeles,CA,18764814,17877006,34.0522,-118.2437,90001,Pacific,-08:00,-07:00,33.9288,-118.2108,25
2020-04-01 ,0,PST,Central LA CO,CA,34.0663,-118.2266,PM2.5,52,2,Moderate,2,"Los Angeles-Long Beach, CA Combined Statistical Area",Los Angeles,CA,18764814,17877006,34.0522,-118.2437,90001,Pacific,-08:00,-07:00,33.9288,-118.2108,25
2020-04-01 ,0,PST,Central LA CO,CA,34.0663,-118.2266,PM10,26,1,Good,2,"Los Angeles-Long Beach, CA Combined Statistical Area",Los Angeles,CA,18764814,17877006,34.0522,-118.2437,90001,Pacific,-08:00,-07:00,33.9288,-118.2108,25
2020-04-02 ,0,PST,Central LA CO,CA,34.0663,-118.2266,OZONE,49,1,Good,2,"Los Angeles-Long Beach, CA Combined Statistical Area",Los Angeles,CA,18764814,17877006,34.0522,-118.2437,90001,Pacific,-08:00,-07:00,33.9288,-118.2108,25
2020-04-02 ,0,PST,Central LA CO,CA,34.0663,-118.2266,PM2.5,44,1,Good,2,"Los Angeles-Long Beach, CA Combined Statistical Area",Los Angeles,CA,18764814,17877006,34.0522,-118.2437,90001,Pacific,-08:00,-07:00,33.9288,-118.2108,25
2020-04-02 ,0,PST,Central LA CO,CA,34.0663,-118.2266,PM10,24,1,Good,2,"Los Angeles-Long Beach, CA Combined Statistical Area",Los Angeles,CA,18764814,17877006,34.0522,-118.2437,90001,Pacific,-08:00,-07:00,33.9288,-118.2108,25
2020-04-03 ,0,PST,Central LA CO,CA,34.0663,-118.2266,OZONE,49,1,Good,2,"Los Angeles-Long Beach, CA Combined Statistical Area",Los Angeles,CA,18764814,17877006,34.0522,-118.2437,90001,Pacific,-08:00,-07:00,33.9288,-118.2108,25
2020-04-03 ,0,PST,Central LA CO,CA,34.0663,-118.2266,PM2.5,46,1,Good,2,"Los Angeles-Long Beach, CA Combined Statistical Area",Los Angeles,CA,18764814,17877006,34.0522,-118.2437,90001,Pacific,-08:00,-07:00,33.9288,-118.2108,25
2020-04-04 ,0,PST,Central LA CO,CA,34.0663,-118.2266,OZONE,50,1,Good,2,"Los Angeles-Long Beach, CA Combined Statistical Area",Los Angeles,CA,18764814,17877006,34.0522,-118.2437,90001,Pacific,-08:00,-07:00,33.9288,-118.2108,25
2020-04-04 ,0,PST,Central LA CO,CA,34.0663,-118.2266,PM2.5,43,1,Good,2,"Los Angeles-Long Beach, CA Combined Statistical Area",Los Angeles,CA,18764814,17877006,34.0522,-118.2437,90001,Pacific,-08:00,-07:00,33.9288,-118.2108,25
2020-04-05 ,0,PST,Central LA CO,CA,34.0663,-118.2266,OZONE,36,1,Good,2,"Los Angeles-Long Beach, CA Combined Statistical Area",Los Angeles,CA,18764814,17877006,34.0522,-118.2437,90001,Pacific,-08:00,-07:00,33.9288,-118.2108,25
2020-04-05 ,0,PST,Central LA CO,CA,34.0663,-118.2266,PM2.5,16,1,Good,2,"Los Angeles-Long Beach, CA Combined Statistical Area",Los Angeles,CA,18764814,17877006,34.0522,-118.2437,90001,Pacific,-08:00,-07:00,33.9288,-118.2108,25
2020-04-06 ,0,PST,Central LA CO,CA,34.0663,-118.2266,OZONE,41,1,Good,2,"Los Angeles-Long Beach, CA Combined Statistical Area",Los Angeles,CA,18764814,17877006,34.0522,-118.2437,90001,Pacific,-08:00,-07:00,33.9288,-118.2108,25
2020-04-06 ,0,PST,Central LA CO,CA,34.0663,-118.2266,PM2.5,14,1,Good,2,"Los Angeles-Long Beach, CA Combined Statistical Area",Los Angeles,CA,18764814,17877006,34.0522,-118.2437,90001,Pacific,-08:00,-07:00,33.9288,-118.2108,25
2020-04-07 ,0,PST,Central LA CO,CA,34.0663,-118.2266,OZONE,40,1,Good,2,"Los Angeles-Long Beach, CA Combined Statistical Area",Los Angeles,CA,18764814,17877006,34.0522,-118.2437,90001,Pacific,-08:00,-07:00,33.9288,-118.2108,25
2020-04-07 ,0,PST,Central LA CO,CA,34.0663,-118.2266,PM2.5,19,1,Good,2,"Los Angeles-Long Beach, CA Combined Statistical Area",Los Angeles,CA,18764814,17877006,34.0522,-118.2437,90001,Pacific,-08:00,-07:00,33.9288,-118.2108,25
2020-04-01 ,0,CST,Chicago,IL,41.964,-87.659,OZONE,29,1,Good,3,"Chicago-Naperville, IL-IN-WI Combined Statistical Area",Chicago,IL,9866910,9840929,41.8781,-87.6298,60601,Central,-06:00,-05:00,41.964,-87.659,25
2020-04-01 ,0,CST,Chicago,IL,41.964,-87.659,PM2.5,57,2,Moderate,3,"Chicago-Naperville, IL-IN-WI Combined Statistical Area",Chicago,IL,9866910,9840929,41.8781,-87.6298,60601,Central,-06:00,-05:00,41.964,-87.659,25
2020-04-02 ,0,CST,Chicago,IL,41.964,-87.659,OZONE,40,1,Good,3,"Chicago-Naperville, IL-IN-WI Combined Statistical Area",Chicago,IL,9866910,9840929,41.8781,-87.6298,60601,Central,-06:00,-05:00,41.964,-87.659,25
2020-04-02 ,0,CST,Chicago,IL,41.964,-87.659,PM2.5,53,2,Moderate,3,"Chicago-Naperville, IL-IN-WI Combined Statistical Area",Chicago,IL,9866910,9840929,41.8781,-87.6298,60601,Central,-06:00,-05:00,41.964,-87.659,25
2020-04-03 ,0,CST,Chicago,IL,41.964,-87.659,OZONE,48,1,Good,3,"Chicago-Naperville, IL-IN-WI Combined Statistical Area",Chicago,IL,9866910,9840929,41.8781,-87.6298,60601,Central,-06:00,-05:00,41.964,-87.659,25
2020-04-03 ,0,CST,Chicago,IL,41.964,-87.659,PM2.5,61,2,Moderate,3,"Chicago-Naperville, IL-IN-WI Combined Statistical Area",Chicago,IL,9866910,9840929,41.8781,-87.6298,60601,Central,-06:00,-05:00,41.964,-87.659,25
2020-04-04 ,0,CST,Chicago,IL,41.964,-87.659,OZONE,29,1,Good,3,"Chicago-Naperville, IL-IN-WI Combined Statistical Area",Chicago,IL,9866910,9840929,41.8781,-87.6298,60601,Central,-06:00,-05:00,41.964,-87.659,25
2020-04-04 ,0,CST,Chicago,IL,41.964,-87.659,PM2.5,34,1,Good,3,"Chicago-Naperville, IL-IN-WI Combined Statistical Area",Chicago,IL,9866910,9840929,41.8781,-87.6298,60601,Central,-06:00,-05:00,41.964,-87.659,25
2020-04-05 ,0,CST,Chicago,IL,41.964,-87.659,OZONE,43,1,Good,3,"Chicago-Naperville, IL-IN-WI Combined Statistical Area",Chicago,IL,9866910,9840929,41.8781,-87.6298,60601,Central,-06:00,-05:00,41.964,-87.659,25
2020-04-05 ,0,CST,Chicago,IL,41.964,-87.659,PM2.5,33,1,Good,3,"Chicago-Naperville, IL-IN-WI Combined Statistical Area",Chicago,IL,9866910,9840929,41.8781,-87.6298,60601,Central,-06:00,-05:00,41.964,-87.659,25
2020-04-06 ,0,CST,Chicago,IL,41.964,-87.659,OZONE,44,1,Good,3,"Chicago-Naperville, IL-IN-WI Combined Statistical Area",Chicago,IL,9866910,9840929,41.8781,-87.6298,60601,Central,-06:00,-05:00,41.964,-87.659,25
2020-04-06 ,0,CST,Chicago,IL,41.964,-87.659,PM2.5,52,2,Moderate,3,"Chicago-Naperville, IL-IN-WI Combined Statistical Area",Chicago,IL,9866910,9840929,41.8781,-87.6298,60601,Central,-06:00,-05:00,41.964,-87.659,25
2020-04-07 ,0,CST,Chicago,IL,41.964,-87.659,OZONE,43,1,Good,3,"Chicago-Naperville, IL-IN-WI Combined Statistical Area",Chicago,IL,9866910,9840929,41.8781,-87.6298,60601,Central,-06:00,-05:00,41.964,-87.659,25
2020-04-07 ,0,CST,Chicago,IL,41.964,-87.659,PM2.5,56,2,Moderate,3,"Chicago-Naperville, IL-IN-WI Combined Statistical Area",Chicago,IL,9866910,9840929,41.8781,-87.6298,60601,Central,-06:00,-05:00,41.964,-87.659,25
2020-04-01 ,0,EST,Metropolitan Washington,DC,38.919,-77.013,OZONE,36,1,Good,4,"Washington-Baltimore-Arlington, DC-MD-VA-WV-PA Combined Statistical Area",Washington,DC,9778360,9032651,38.9072,-77.0369,20001,Eastern,-05:00,-04:00,38.919,-77.013,25
2020-04-01 ,0,EST,Metropolitan Washington,DC,38.919,-77.013,PM2.5,22,1,Good,4,"Washington-Baltimore-Arlington, DC-MD-VA-WV-PA Combined Statistical Area",Washington,DC,9778360,9032651,38.9072,-77.0369,20001,Eastern,-05:00,-04:00,38.919,-77.013,25
2020-04-01 ,0,EST,Metropolitan Washington,DC,38.919,-77.013,PM10,7,1,Good,4,"Washington-Baltimore-Arlington, DC-MD-VA-WV-PA Combined Statistical Area",Washington,DC,9778360,9032651,38.9072,-77.0369,20001,Eastern,-05:00,-04:00,38.919,-77.013,25
2020-04-02 ,0,EST,Metropolitan Washington,DC,38.919,-77.013,OZONE,44,1,Good,4,"Washington-Baltimore-Arlington, DC-MD-VA-WV-PA Combined Statistical Area",Washington,DC,9778360,9032651,38.9072,-77.0369,20001,Eastern,-05:00,-04:00,38.919,-77.013,25
2020-04-02 ,0,EST,Metropolitan Washington,DC,38.919,-77.013,PM2.5,16,1,Good,4,"Washington-Baltimore-Arlington, DC-MD-VA-WV-PA Combined Statistical Area",Washington,DC,9778360,9032651,38.9072,-77.0369,20001,Eastern,-05:00,-04:00,38.919,-77.013,25
2020-04-02 ,0,EST,Metropolitan Washington,DC,38.919,-77.013,PM10,8,1,Good,4,"Washington-Baltimore-Arlington, DC-MD-VA-WV-PA Combined Statistical Area",Washington,DC,9778360,9032651,38.9072,-77.0369,20001,Eastern,-05:00,-04:00,38.919,-77.013,25
2020-04-03 ,0,EST,Metropolitan Washington,DC,38.919,-77.013,OZONE,45,1,Good,4,"Washington-Baltimore-Arlington, DC-MD-VA-WV-PA Combined Statistical Area",Washington,DC,9778360,9032651,38.9072,-77.0369,20001,Eastern,-05:00,-04:00,38.919,-77.013,25
2020-04-03 ,0,EST,Metropolitan Washington,DC,38.919,-77.013,PM2.5,12,1,Good,4,"Washington-Baltimore-Arlington, DC-MD-VA-WV-PA Combined Statistical Area",Washington,DC,9778360,9032651,38.9072,-77.0369,20001,Eastern,-05:00,-04:00,38.919,-77.013,25
2020-04-03 ,0,EST,Metropolitan Washington,DC,38.919,-77.013,PM10,8,1,Good,4,"Washington-Baltimore-Arlington, DC-MD-VA-WV-PA Combined Statistical Area",Washington,DC,9778360,9032651,38.9072,-77.0369,20001,Eastern,-05:00,-04:00,38.919,-77.013,25
2020-04-04 ,0,EST,Metropolitan Washington,DC,38.919,-77.013,OZONE,33,1,Good,4,"Washington-Baltimore-Arlington, DC-MD-VA-WV-PA Combined Statistical Area",Washington,DC,9778360,9032651,38.9072,-77.0369,20001,Eastern,-05:00,-04:00,38.919,-77.013,25
2020-04-04 ,0,EST,Metropolitan Washington,DC,38.919,-77.013,PM2.5,13,1,Good,4,"Washington-Baltimore-Arlington, DC-MD-VA-WV-PA Combined Statistical Area",Washington,DC,9778360,9032651,38.9072,-77.0369,20001,Eastern,-05:00,-04:00,38.919,-77.013,25
2020-04-04 ,0,EST,Metropolitan Washington,DC,38.919,-77.013,PM10,5,1,Good,4,"Washington-Baltimore-Arlington, DC-MD-VA-WV-PA Combined Statistical Area",Washington,DC,9778360,9032651,38.9072,-77.0369,20001,Eastern,-05:00,-04:00,38.919,-77.013,25
2020-04-05 ,0,EST,Metropolitan Washington,DC,38.919,-77.013,OZONE,43,1,Good,4,"Washington-Baltimore-Arlington, DC-MD-VA-WV-PA Combined Statistical Area",Washington,DC,9778360,9032651,38.9072,-77.0369,20001,Eastern,-05:00,-04:00,38.919,-77.013,25
2020-04-05 ,0,EST,Metropolitan Washington,DC,38.919,-77.013,PM2.5,25,1,Good,4,"Washington-Baltimore-Arlington, DC-MD-VA-WV-PA Combined Statistical Area",Washington,DC,9778360,9032651,38.9072,-77.0369,20001,Eastern,-05:00,-04:00,38.919,-77.013,25
2020-04-05 ,0,EST,Metropolitan Washington,DC,38.919,-77.013,PM10,10,1,Good,4,"Washington-Baltimore-Arlington, DC-MD-VA-WV-PA Combined Statistical Area",Washington,DC,9778360,9032651,38.9072,-77.0369,20001,Eastern,-05:00,-04:00,38.919,-77.013,25
2020-04-06 ,0,EST,Metropolitan Washington,DC,38.919,-77.013,OZONE,48,1,Good,4,"Washington-Baltimore-Arlington, DC-MD-VA-WV-PA Combined Statistical Area",Washington,DC,9778360,9032651,38.9072,-77.0369,20001,Eastern,-05:00,-04:00,38.919,-77.013,25
2020-04-06 ,0,EST,Metropolitan Washington,DC,38.919,-77.013,PM2.5,28,1,Good,4,"Washington-Baltimore-Arlington, DC-MD-VA-WV-PA Combined Statistical Area",Washington,DC,9778360,9032651,38.9072,-77.0369,20001,Eastern,-05:00,-04:00,38.919,-77.013,25
2020-04-06 ,0,EST,Metropolitan Washington,DC,38.919,-77.013,PM10,13,1,Good,4,"Washington-Baltimore-Arlington, DC-MD-VA-WV-PA Combined Statistical Area",Washington,DC,9778360,9032651,38.9072,-77.0369,20001,Eastern,-05:00,-04:00,38.919,-77.013,25
2020-04-07 ,0,EST,Metropolitan Washington,DC,38.919,-77.013,OZONE,42,1,Good,4,"Washington-Baltimore-Arlington, DC-MD-VA-WV-PA Combined Statistical Area",Washington,DC,9778360,9032651,38.9072,-77.0369,20001,Eastern,-05:00,-04:00,38.919,-77.013,25
2020-04-07 ,0,EST,Metropolitan Washington,DC,38.919,-77.013,PM2.5,40,1,Good,4,"Washington-Baltimore-Arlington, DC-MD-VA-WV-PA Combined Statistical Area",Washington,DC,9778360,9032651,38.9072,-77.0369,20001,Eastern,-05:00,-04:00,38.919,-77.013,25
2020-04-07 ,0,EST,Metropolitan Washington,DC,38.919,-77.013,PM10,17,1,Good,4,"Washington-Baltimore-Arlington, DC-MD-VA-WV-PA Combined Statistical Area",Washington,DC,9778360,9032651,38.9072,-77.0369,20001,Eastern,-05:00,-04:00,38.919,-77.013,25
2020-04-01 ,0,PST,San Francisco,CA,37.75,-122.43,OZONE,33,1,Good,5,"San Jose-San Francisco-Oakland, CA Combined Statistical Area",San Francisco,CA,9666055,8923942,37.7749,-122.4194,94102,Pacific,-08:00,-07:00,37.75,-122.43,25
2020-04-01 ,0,PST,San Francisco,CA,37.75,-122.43,PM2.5,21,1,Good,5,"San Jose-San Francisco-Oakland, CA Combined Statistical Area",San Francisco,CA,9666055,8923942,37.7749,-122.4194,94102,Pacific,-08:00,-07:00,37.75,-122.43,25
2020-04-02 ,0,PST,San Francisco,CA,37.75,-122.43,OZONE,31,1,Good,5,"San Jose-San Francisco-Oakland, CA Combined Statistical Area",San Francisco,CA,9666055,8923942,37.7749,-122.4194,94102,Pacific,-08:00,-07:00,37.75,-122.43,25
2020-04-02 ,0,PST,San Francisco,CA,37.75,-122.43,PM2.5,24,1,Good,5,"San Jose-San Francisco-Oakland, CA Combined Statistical Area",San Francisco,CA,9666055,8923942,37.7749,-122.4194,94102,Pacific,-08:00,-07:00,37.75,-122.43,25
2020-04-03 ,0,PST,San Francisco,CA,37.75,-122.43,OZONE,31,1,Good,5,"San Jose-San Francisco-Oakland, CA Combined Statistical Area",San Francisco,CA,9666055,8923942,37.7749,-122.4194,94102,Pacific,-08:00,-07:00,37.75,-122.43,25
2020-04-03 ,0,PST,San Francisco,CA,37.75,-122.43,PM2.5,17,1,Good,5,"San Jose-San Francisco-Oakland, CA Combined Statistical Area",San Francisco,CA,9666055,8923942,37.7749,-122.4194,94102,Pacific,-08:00,-07:00,37.75,-122.43,25
2020-04-04 ,0,PST,San Francisco,CA,37.75,-122.43,OZONE,31,1,Good,5,"San Jose-San Francisco-Oakland, CA Combined Statistical Area",San Francisco,CA,9666055,8923942,37.7749,-122.4194,94102,Pacific,-08:00,-07:00,37.75,-122.43,25
2020-04-04 ,0,PST,San Francisco,CA,37.75,-122.43,PM2.5,12,1,Good,5,"San Jose-San Francisco-Oakland, CA Combined Statistical Area",San Francisco,CA,9666055,8923942,37.7749,-122.4194,94102,Pacific,-08:00,-07:00,37.75,-122.43,25
2020-04-05 ,0,PST,San Francisco,CA,37.75,-122.43,OZONE,36,1,Good,5,"San Jose-San Francisco-Oakland, CA Combined Statistical Area",San Francisco,CA,9666055,8923942,37.7749,-122.4194,94102,Pacific,-08:00,-07:00,37.75,-122.43,25
2020-04-05 ,0,PST,San Francisco,CA,37.75,-122.43,PM2.5,10,1,Good,5,"San Jose-San Francisco-Oakland, CA Combined Statistical Area",San Francisco,CA,9666055,8923942,37.7749,-122.4194,94102,Pacific,-08:00,-07:00,37.75,-122.43,25
2020-04-06 ,0,PST,San Francisco,CA,37.75,-122.43,OZONE,31,1,Good,5,"San Jose-San Francisco-Oakland, CA Combined Statistical Area",San Francisco,CA,9666055,8923942,37.7749,-122.4194,94102,Pacific,-08:00,-07:00,37.75,-122.43,25
2020-04-06 ,0,PST,San Francisco,CA,37.75,-122.43,PM2.5,23,1,Good,5,"San Jose-San Francisco-Oakland, CA Combined Statistical Area",San Francisco,CA,9666055,8923942,37.7749,-122.4194,94102,Pacific,-08:00,-07:00,37.75,-122.43,25
2020-04-07 ,0,PST,San Francisco,CA,37.75,-122.43,OZONE,36,1,Good,5,"San Jose-San Francisco-Oakland, CA Combined Statistical Area",San Francisco,CA,9666055,8923942,37.7749,-122.4194,94102,Pacific,-08:00,-07:00,37.75,-122.43,25
2020-04-07 ,0,PST,San Francisco,CA,37.75,-122.43,PM2.5,23,1,Good,5,"San Jose-San Francisco-Oakland, CA Combined Statistical Area",San Francisco,CA,9666055,8923942,37.7749,-122.4194,94102,Pacific,-08:00,-07:00,37.75,-122.43,25
2020-04-01 ,0,EST,Boston,MA,42.351,-71.051,OZONE,31,1,Good,6,"Boston-Worcester-Providence, MA-RI-NH-CT Combined Statistical Area",Boston,MA,8285407,7893376,42.3601,-71.0589,02108,Eastern,-05:00,-04:00,42.351,-71.051,25
2020-04-01 ,0,EST,Boston,MA,42.351,-71.051,PM2.5,16,1,Good,6,"Boston-Worcester-Providence, MA-RI-NH-CT Combined Statistical Area",Boston,MA,8285407,7893376,42.3601,-71.0589,02108,Eastern,-05:00,-04:00,42.351,-71.051,25
2020-04-02 ,0,EST,Boston,MA,42.351,-71.051,OZONE,27,1,Good,6,"Boston-Worcester-Providence, MA-RI-NH-CT Combined Statistical Area",Boston,MA,8285407,7893376,42.3601,-71.0589,02108,Eastern,-05:00,-04:00,42.351,-71.051,25
2020-04-02 ,0,EST,Boston,MA,42.351,-71.051,PM2.5,3,1,Good,6,"Boston-Worcester-Providence, MA-RI-NH-CT Combined Statistical Area",Boston,MA,8285407,7893376,42.3601,-71.0589,02108,Eastern,-05:00,-04:00,42.351,-71.051,25
2020-04-03 ,0,EST,Boston,MA,42.351,-71.051,OZONE,32,1,Good,6,"Boston-Worcester-Providence, MA-RI-NH-CT Combined Statistical Area",Boston,MA,8285407,7893376,42.3601,-71.0589,02108,Eastern,-05:00,-04:00,42.351,-71.051,25
2020-04-03 ,0,EST,Boston,MA,42.351,-71.051,PM2.5,3,1,Good,6,"Boston-Worcester-Providence, MA-RI-NH-CT Combined Statistical Area",Boston,MA,8285407,7893376,42.3601,-71.0589,02108,Eastern,-05:00,-04:00,42.351,-71.051,25
2020-04-04 ,0,EST,Boston,MA,42.351,-71.051,OZONE,31,1,Good,6,"Boston-Worcester-Providence, MA-RI-NH-CT Combined Statistical Area",Boston,MA,8285407,7893376,42.3601,-71.0589,02108,Eastern,-05:00,-04:00,42.351,-71.051,25
2020-04-04 ,0,EST,Boston,MA,42.351,-71.051,PM2.5,15,1,Good,6,"Boston-Worcester-Providence, MA-RI-NH-CT Combined Statistical Area",Boston,MA,8285407,7893376,42.3601,-71.0589,02108,Eastern,-05:00,-04:00,42.351,-71.051,25
2020-04-05 ,0,EST,Boston,MA,42.351,-71.051,OZONE,30,1,Good,6,"Boston-Worcester-Providence, MA-RI-NH-CT Combined Statistical Area",Boston,MA,8285407,7893376,42.3601,-71.0589,02108,Eastern,-05:00,-04:00,42.351,-71.051,25
2020-04-05 ,0,EST,Boston,MA,42.351,-71.051,PM2.5,22,1,Good,6,"Boston-Worcester-Providence, MA-RI-NH-CT Combined Statistical Area",Boston,MA,8285407,7893376,42.3601,-71.0589,02108,Eastern,-05:00,-04:00,42.351,-71.051,25
2020-04-06 ,0,EST,Boston,MA,42.351,-71.051,OZONE,36,1,Good,6,"Boston-Worcester-Providence, MA-RI-NH-CT Combined Statistical Area",Boston,MA,8285407,7893376,42.3601,-71.0589,02108,Eastern,-05:00,-04:00,42.351,-71.051,25
2020-04-06 ,0,EST,Boston,MA,42.351,-71.051,PM2.5,7,1,Good,6,"Boston-Worcester-Providence, MA-RI-NH-CT Combined Statistical Area",Boston,MA,8285407,7893376,42.3601,-71.0589,02108,Eastern,-05:00,-04:00,42.351,-71.051,25
2020-04-07 ,0,EST,Boston,MA,42.351,-71.051,OZONE,39,1,Good,6,"Boston-Worcester-Providence, MA-RI-NH-CT Combined Statistical Area",Boston,MA,8285407,7893376,42.3601,-71.0589,02108,Eastern,-05:00,-04:00,42.351,-71.051,25
2020-04-07 ,0,EST,Boston,MA,42.351,-71.051,PM2.5,12,1,Good,6,"Boston-Worcester-Providence, MA-RI-NH-CT Combined Statistical Area",Boston,MA,8285407,7893376,42.3601,-71.0589,02108,Eastern,-05:00,-04:00,42.351,-71.051,25
2020-04-01 ,0,CST,Dallas-Fort Worth,TX,32.767,-96.783,OZONE,47,1,Good,7,"Dallas-Fort Worth, TX-OK Combined Statistical Area",Dallas,TX,7957493,6816237,32.7767,-96.797,75201,Central,-06:00,-05:00,32.767,-96.783,25
2020-04-01 ,0,CST,Dallas-Fort Worth,TX,32.767,-96.783,PM2.5,34,1,Good,7,"Dallas-Fort Worth, TX-OK Combined Statistical Area",Dallas,TX,7957493,6816237,32.7767,-96.797,75201,Central,-06:00,-05:00,32.767,-96.783,25
2020-04-02 ,0,CST,Dallas-Fort Worth,TX,32.767,-96.783,OZONE,41,1,Good,7,"Dallas-Fort Worth, TX-OK Combined Statistical Area",Dallas,TX,7957493,6816237,32.7767,-96.797,75201,Central,-06:00,-05:00,32.767,-96.783,25
2020-04-02 ,0,CST,Dallas-Fort Worth,TX,32.767,-96.783,PM2.5,38,1,Good,7,"Dallas-Fort Worth, TX-OK Combined Statistical Area",Dallas,TX,7957493,6816237,32.7767,-96.797,75201,Central,-06:00,-05:00,32.767,-96.783,25
2020-04-03 ,0,CST,Dallas-Fort Worth,TX,32.767,-96.783,OZONE,24,1,Good,7,"Dallas-Fort Worth, TX-OK Combined Statistical Area",Dallas,TX,7957493,6816237,32.7767,-96.797,75201,Central,-06:00,-05:00,32.767,-96.783,25
2020-04-03 ,0,CST,Dallas-Fort Worth,TX,32.767,-96.783,PM2.5,33,1,Good,7,"Dallas-Fort Worth, TX-OK Combined Statistical Area",Dallas,TX,7957493,6816237,32.7767,-96.797,75201,Central,-06:00,-05:00,32.767,-96.783,25
2020-04-04 ,0,CST,Dallas-Fort Worth,TX,32.767,-96.783,OZONE,17,1,Good,7,"Dallas-Fort Worth, TX-OK Combined Statistical Area",Dallas,TX,7957493,6816237,32.7767,-96.797,75201,Central,-06:00,-05:00,32.767,-96.783,25
2020-04-04 ,0,CST,Dallas-Fort Worth,TX,32.767,-96.783,PM2.5,37,1,Good,7,"Dallas-Fort Worth, TX-OK Combined Statistical Area",Dallas,TX,7957493,6816237,32.7767,-96.797,75201,Central,-06:00,-05:00,32.767,-96.783,25
2020-04-05 ,0,CST,Dallas-Fort Worth,TX,32.767,-96.783,OZONE,31,1,Good,7,"Dallas-Fort Worth, TX-OK Combined Statistical Area",Dallas,TX,7957493,6816237,32.7767,-96.797,75201,Central,-06:00,-05:00,32.767,-96.783,25
2020-04-05 ,0,CST,Dallas-Fort Worth,TX,32.767,-96.783,PM2.5,54,2,Moderate,7,"Dallas-Fort Worth, TX-OK Combined Statistical Area",Dallas,TX,7957493,6816237,32.7767,-96.797,75201,Central,-06:00,-05:00,32.767,-96.783,25
2020-04-06 ,0,CST,Dallas-Fort Worth,TX,32.767,-96.783,OZONE,35,1,Good,7,"Dallas-Fort Worth, TX-OK Combined Statistical Area",Dallas,TX,7957493,6816237,32.7767,-96.797,75201,Central,-06:00,-05:00,32.767,-96.783,25
2020-04-06 ,0,CST,Dallas-Fort Worth,TX,32.767,-96.783,PM2.5,62,2,Moderate,7,"Dallas-Fort Worth, TX-OK Combined Statistical Area",Dallas,TX,7957493,6816237,32.7767,-96.797,75201,Central,-06:00,-05:00,32.767,-96.783,25
2020-04-07 ,0,CST,Dallas-Fort Worth,TX,32.767,-96.783,OZONE,44,1,Good,7,"Dallas-Fort Worth, TX-OK Combined Statistical Area",Dallas,TX,7957493,6816237,32.7767,-96.797,75201,Central,-06:00,-05:00,32.767,-96.783,25
2020-04-07 ,0,CST,Dallas-Fort Worth,TX,32.767,-96.783,PM2.5,52,2,Moderate,7,"Dallas-Fort Worth, TX-OK Combined Statistical Area",Dallas,TX,7957493,6816237,32.7767,-96.797,75201,Central,-06:00,-05:00,32.767,-96.783,25
2020-04-01 ,0,EST,Philadelphia,PA,39.95,-75.151,OZONE,41,1,Good,8,"Philadelphia-Reading-Camden, PA-NJ-DE-MD Combined Statistical Area",Philadelphia,PA,7204035,7067807,39.9526,-75.1652,19107,Eastern,-05:00,-04:00,39.95,-75.151,25
2020-04-01 ,0,EST,Philadelphia,PA,39.95,-75.151,PM2.5,37,1,Good,8,"Philadelphia-Reading-Camden, PA-NJ-DE-MD Combined Statistical Area",Philadelphia,PA,7204035,7067807,39.9526,-75.1652,19107,Eastern,-05:00,-04:00,39.95,-75.151,25
2020-04-01 ,0,EST,Philadelphia,PA,39.95,-75.151,PM10,11,1,Good,8,"Philadelphia-Reading-Camden, PA-NJ-DE-MD Combined Statistical Area",Philadelphia,PA,7204035,7067807,39.9526,-75.1652,19107,Eastern,-05:00,-04:00,39.95,-75.151,25
2020-04-02 ,0,EST,Philadelphia,PA,39.95,-75.151,OZONE,43,1,Good,8,"Philadelphia-Reading-Camden, PA-NJ-DE-MD Combined Statistical Area",Philadelphia,PA,7204035,7067807,39.9526,-75.1652,19107,Eastern,-05:00,-04:00,39.95,-75.151,25
2020-04-02 ,0,EST,Philadelphia,PA,39.95,-75.151,PM2.5,22,1,Good,8,"Philadelphia-Reading-Camden, PA-NJ-DE-MD Combined Statistical Area",Philadelphia,PA,7204035,7067807,39.9526,-75.1652,19107,Eastern,-05:00,-04:00,39.95,-75.151,25
2020-04-02 ,0,EST,Philadelphia,PA,39.95,-75.151,PM10,14,1,Good,8,"Philadelphia-Reading-Camden, PA-NJ-DE-MD Combined Statistical Area",Philadelphia,PA,7204035,7067807,39.9526,-75.1652,19107,Eastern,-05:00,-04:00,39.95,-75.151,25
2020-04-03 ,0,EST,Philadelphia,PA,39.95,-75.151,OZONE,33,1,Good,8,"Philadelphia-Reading-Camden, PA-NJ-DE-MD Combined Statistical Area",Philadelphia,PA,7204035,7067807,39.9526,-75.1652,19107,Eastern,-05:00,-04:00,39.95,-75.151,25
2020-04-03 ,0,EST,Philadelphia,PA,39.95,-75.151,PM2.5,14,1,Good,8,"Philadelphia-Reading-Camden, PA-NJ-DE-MD Combined Statistical Area",Philadelphia,PA,7204035,7067807,39.9526,-75.1652,19107,Eastern,-05:00,-04:00,39.95,-75.151,25
2020-04-03 ,0,EST,Philadelphia,PA,39.95,-75.151,PM10,10,1,Good,8,"Philadelphia-Reading-Camden, PA-NJ-DE-MD Combined Statistical Area",Philadelphia,PA,7204035,7067807,39.9526,-75.1652,19107,Eastern,-05:00,-04:00,39.95,-75.151,25
2020-04-04 ,0,EST,Philadelphia,PA,39.95,-75.151,OZONE,32,1,Good,8,"Philadelphia-Reading-Camden, PA-NJ-DE-MD Combined Statistical Area",Philadelphia,PA,7204035,7067807,39.9526,-75.1652,19107,Eastern,-05:00,-04:00,39.95,-75.151,25
2020-04-04 ,0,EST,Philadelphia,PA,39.95,-75.151,PM2.5,31,1,Good,8,"Philadelphia-Reading-Camden, PA-NJ-DE-MD Combined Statistical Area",Philadelphia,PA,7204035,7067807,39.9526,-75.1652,19107,Eastern,-05:00,-04:00,39.95,-75.151,25
2020-04-04 ,0,EST,Philadelphia,PA,39.95,-75.151,PM10,7,1,Good,8,"Philadelphia-Reading-Camden, PA-NJ-DE-MD Combined Statistical Area",Philadelphia,PA,7204035,7067807,39.9526,-75.1652,19107,Eastern,-05:00,-04:00,39.95,-75.151,25
2020-04-05 ,0,EST,Philadelphia,PA,39.95,-75.151,OZONE,40,1,Good,8,"Philadelphia-Reading-Camden, PA-NJ-DE-MD Combined Statistical Area",Philadelphia,PA,7204035,7067807,39.9526,-75.1652,19107,Eastern,-05:00,-04:00,39.95,-75.151,25
2020-04-05 ,0,EST,Philadelphia,PA,39.95,-75.151,PM2.5,51,2,Moderate,8,"Philadelphia-Reading-Camden, PA-NJ-DE-MD Combined Statistical Area",Philadelphia,PA,7204035,7067807,39.9526,-75.1652,19107,Eastern,-05:00,-04:00,39.95,-75.151,25
2020-04-05 ,0,EST,Philadelphia,PA,39.95,-75.151,PM10,15,1,Good,8,"Philadelphia-Reading-Camden, PA-NJ-DE-MD Combined Statistical Area",Philadelphia,PA,7204035,7067807,39.9526,-75.1652,19107,Eastern,-05:00,-04:00,39.95,-75.151,25
2020-04-06 ,0,EST,Philadelphia,PA,39.95,-75.151,OZONE,43,1,Good,8,"Philadelphia-Reading-Camden, PA-NJ-DE-MD Combined Statistical Area",Philadelphia,PA,7204035,7067807,39.9526,-75.1652,19107,Eastern,-05:00,-04:00,39.95,-75.151,25
2020-04-06 ,0,EST,Philadelphia,PA,39.95,-75.151,PM2.5,32,1,Good,8,"Philadelphia-Reading-Camden, PA-NJ-DE-MD Combined Statistical Area",Philadelphia,PA,7204035,7067807,39.9526,-75.1652,19107,Eastern,-05:00,-04:00,39.95,-75.151,25
2020-04-06 ,0,EST,Philadelphia,PA,39.95,-75.151,PM10,13,1,Good,8,"Philadelphia-Reading-Camden, PA-NJ-DE-MD Combined Statistical Area",Philadelphia,PA,7204035,7067807,39.9526,-75.1652,19107,Eastern,-05:00,-04:00,39.95,-75.151,25
2020-04-07 ,0,EST,Philadelphia,PA,39.95,-75.151,OZONE,45,1,Good,8,"Philadelphia-Reading-Camden, PA-NJ-DE-MD Combined Statistical Area",Philadelphia,PA,7204035,7067807,39.9526,-75.1652,19107,Eastern,-05:00,-04:00,39.95,-75.151,25
2020-04-07 ,0,EST,Philadelphia,PA,39.95,-75.151,PM2.5,58,2,Moderate,8,"Philadelphia-Reading-Camden, PA-NJ-DE-MD Combined Statistical Area",Philadelphia,PA,7204035,7067807,39.9526,-75.1652,19107,Eastern,-05:00,-04:00,39.95,-75.151,25
2020-04-07 ,0,EST,Philadelphia,PA,39.95,-75.151,PM10,22,1,Good,8,"Philadelphia-Reading-Camden, PA-NJ-DE-MD Combined Statistical Area",Philadelphia,PA,7204035,7067807,39.9526,-75.1652,19107,Eastern,-05:00,-04:00,39.95,-75.151,25
2020-04-01 ,0,CST,Houston-Galveston-Brazoria,TX,29.751,-95.351,OZONE,64,2,Moderate,9,"Houston-The Woodlands, TX Combined Statistical Area",Houston,TX,7197883,6114562,29.7604,-95.3698,77002,Central,-06:00,-05:00,29.751,-95.351,25
2020-04-01 ,0,CST,Houston-Galveston-Brazoria,TX,29.751,-95.351,PM2.5,29,1,Good,9,"Houston-The Woodlands, TX Combined Statistical Area",Houston,TX,7197883,6114562,29.7604,-95.3698,77002,Central,-06:00,-05:00,29.751,-95.351,25
2020-04-02 ,0,CST,Houston-Galveston-Brazoria,TX,29.751,-95.351,OZONE,47,1,Good,9,"Houston-The Woodlands, TX Combined Statistical Area",Houston,TX,7197883,6114562,29.7604,-95.3698,77002,Central,-06:00,-05:00,29.751,-95.351,25
2020-04-02 ,0,CST,Houston-Galveston-Brazoria,TX,29.751,-95.351,PM2.5,30,1,Good,9,"Houston-The Woodlands, TX Combined Statistical Area",Houston,TX,7197883,6114562,29.7604,-95.3698,77002,Central,-06:00,-05:00,29.751,-95.351,25
2020-04-03 ,0,CST,Houston-Galveston-Brazoria,TX,29.751,-95.351,OZONE,49,1,Good,9,"Houston-The Woodlands, TX Combined Statistical Area",Houston,TX,7197883,6114562,29.7604,-95.3698,77002,Central,-06:00,-05:00,29.751,-95.351,25
2020-04-03 ,0,CST,Houston-Galveston-Brazoria,TX,29.751,-95.351,PM2.5,39,1,Good,9,"Houston-The Woodlands, TX Combined Statistical Area",Houston,TX,7197883,6114562,29.7604,-95.3698,77002,Central,-06:00,-05:00,29.751,-95.351,25
2020-04-04 ,0,CST,Houston-Galveston-Brazoria,TX,29.751,-95.351,OZONE,33,1,Good,9,"Houston-The Woodlands, TX Combined Statistical Area",Houston,TX,7197883,6114562,29.7604,-95.3698,77002,Central,-06:00,-05:00,29.751,-95.351,25
2020-04-04 ,0,CST,Houston-Galveston-Brazoria,TX,29.751,-95.351,PM2.5,24,1,Good,9,"Houston-The Woodlands, TX Combined Statistical Area",Houston,TX,7197883,6114562,29.7604,-95.3698,77002,Central,-06:00,-05:00,29.751,-95.351,25
2020-04-05 ,0,CST,Houston-Galveston-Brazoria,TX,29.751,-95.351,OZONE,49,1,Good,9,"Houston-The Woodlands, TX Combined Statistical Area",Houston,TX,7197883,6114562,29.7604,-95.3698,77002,Central,-06:00,-05:00,29.751,-95.351,25
2020-04-05 ,0,CST,Houston-Galveston-Brazoria,TX,29.751,-95.351,PM2.5,58,2,Moderate,9,"Houston-The Woodlands, TX Combined Statistical Area",Houston,TX,7197883,6114562,29.7604,-95.3698,77002,Central,-06:00,-05:00,29.751,-95.351,25
2020-04-06 ,0,CST,Houston-Galveston-Brazoria,TX,29.751,-95.351,OZONE,39,1,Good,9,"Houston-The Woodlands, TX Combined Statistical Area",Houston,TX,7197883,6114562,29.7604,-95.3698,77002,Central,-06:00,-05:00,29.751,-95.351,25
2020-04-06 ,0,CST,Houston-Galveston-Brazoria,TX,29.751,-95.351,PM2.5,54,2,Moderate,9,"Houston-The Woodlands, TX Combined Statistical Area",Houston,TX,7197883,6114562,29.7604,-95.3698,77002,Central,-06:00,-05:00,29.751,-95.351,25
2020-04-07 ,0,CST,Houston-Galveston-Brazoria,TX,29.751,-95.351,OZONE,29,1,Good,9,"Houston-The Woodlands, TX Combined Statistical Area",Houston,TX,7197883,6114562,29.7604,-95.3698,77002,Central,-06:00,-05:00,29.751,-95.351,25
2020-04-07 ,0,CST,Houston-Galveston-Brazoria,TX,29.751,-95.351,PM2.5,56,2,Moderate,9,"Houston-The Woodlands, TX Combined Statistical Area",Houston,TX,7197883,6114562,29.7604,-95.3698,77002,Central,-06:00,-05:00,29.751,-95.351,25
2020-04-01 ,0,EST,Miami,FL,25.776,-80.211,OZONE,49,1,Good,10,"Miami-Port St. Lucie-Fort Lauderdale, FL Combined Statistical Area",Miami,FL,6913262,6199860,25.7617,-80.1918,33133,Eastern,-05:00,-04:00,25.776,-80.211,25
2020-04-01 ,0,EST,Miami,FL,25.776,-80.211,PM2.5,45,1,Good,10,"Miami-Port St. Lucie-Fort Lauderdale, FL Combined Statistical Area",Miami,FL,6913262,6199860,25.7617,-80.1918,33133,Eastern,-05:00,-04:00,25.776,-80.211,25
2020-04-04 ,0,EST,Miami,FL,25.776,-80.211,OZONE,51,2,Moderate,10,"Miami-Port St. Lucie-Fort Lauderdale, FL Combined Statistical Area",Miami,FL,6913262,6199860,25.7617,-80.1918,33133,Eastern,-05:00,-04:00,25.776,-80.211,25
2020-04-04 ,0,EST,Miami,FL,25.776,-80.211,PM2.5,37,1,Good,10,"Miami-Port St. Lucie-Fort Lauderdale, FL Combined Statistical Area",Miami,FL,6913262,6199860,25.7617,-80.1918,33133,Eastern,-05:00,-04:00,25.776,-80.211,25
2020-04-05 ,0,EST,Miami,FL,25.776,-80.211,OZONE,45,1,Good,10,"Miami-Port St. Lucie-Fort Lauderdale, FL Combined Statistical Area",Miami,FL,6913262,6199860,25.7617,-80.1918,33133,Eastern,-05:00,-04:00,25.776,-80.211,25
2020-04-05 ,0,EST,Miami,FL,25.776,-80.211,PM2.5,33,1,Good,10,"Miami-Port St. Lucie-Fort Lauderdale, FL Combined Statistical Area",Miami,FL,6913262,6199860,25.7617,-80.1918,33133,Eastern,-05:00,-04:00,25.776,-80.211,25
2020-04-06 ,0,EST,Miami,FL,25.776,-80.211,OZONE,39,1,Good,10,"Miami-Port St. Lucie-Fort Lauderdale, FL Combined Statistical Area",Miami,FL,6913262,6199860,25.7617,-80.1918,33133,Eastern,-05:00,-04:00,25.776,-80.211,25
2020-04-06 ,0,EST,Miami,FL,25.776,-80.211,PM2.5,41,1,Good,10,"Miami-Port St. Lucie-Fort Lauderdale, FL Combined Statistical Area",Miami,FL,6913262,6199860,25.7617,-80.1918,33133,Eastern,-05:00,-04:00,25.776,-80.211,25
2020-04-07 ,0,EST,Miami,FL,25.776,-80.211,OZONE,36,1,Good,10,"Miami-Port St. Lucie-Fort Lauderdale, FL Combined Statistical Area",Miami,FL,6913262,6199860,25.7617,-80.1918,33133,Eastern,-05:00,-04:00,25.776,-80.211,25
2020-04-07 ,0,EST,Miami,FL,25.776,-80.211,PM2.5,31,1,Good,10,"Miami-Port St. Lucie-Fort Lauderdale, FL Combined Statistical Area",Miami,FL,6913262,6199860,25.7617,-80.1918,33133,Eastern,-05:00,-04:00,25.776,-80.211,25
2020-04-01 ,0,EST,Atlanta,GA,33.65,-84.43,OZONE,37,1,Good,11,"Atlanta–Athens-Clarke County–Sandy Springs, GA-AL Combined Statistical Area",Atlanta,GA,6775511,6054858,33.749,-84.388,30334,Eastern,-05:00,-04:00,33.65,-84.43,25
2020-04-01 ,0,EST,Atlanta,GA,33.65,-84.43,PM2.5,23,1,Good,11,"Atlanta–Athens-Clarke County–Sandy Springs, GA-AL Combined Statistical Area",Atlanta,GA,6775511,6054858,33.749,-84.388,30334,Eastern,-05:00,-04:00,33.65,-84.43,25
2020-04-01 ,0,EST,Atlanta,GA,33.65,-84.43,PM10,8,1,Good,11,"Atlanta–Athens-Clarke County–Sandy Springs, GA-AL Combined Statistical Area",Atlanta,GA,6775511,6054858,33.749,-84.388,30334,Eastern,-05:00,-04:00,33.65,-84.43,25
2020-04-02 ,0,EST,Atlanta,GA,33.65,-84.43,OZONE,44,1,Good,11,"Atlanta–Athens-Clarke County–Sandy Springs, GA-AL Combined Statistical Area",Atlanta,GA,6775511,6054858,33.749,-84.388,30334,Eastern,-05:00,-04:00,33.65,-84.43,25
2020-04-02 ,0,EST,Atlanta,GA,33.65,-84.43,PM2.5,26,1,Good,11,"Atlanta–Athens-Clarke County–Sandy Springs, GA-AL Combined Statistical Area",Atlanta,GA,6775511,6054858,33.749,-84.388,30334,Eastern,-05:00,-04:00,33.65,-84.43,25
2020-04-02 ,0,EST,Atlanta,GA,33.65,-84.43,PM10,9,1,Good,11,"Atlanta–Athens-Clarke County–Sandy Springs, GA-AL Combined Statistical Area",Atlanta,GA,6775511,6054858,33.749,-84.388,30334,Eastern,-05:00,-04:00,33.65,-84.43,25
2020-04-03 ,0,EST,Atlanta,GA,33.65,-84.43,OZONE,51,2,Moderate,11,"Atlanta–Athens-Clarke County–Sandy Springs, GA-AL Combined Statistical Area",Atlanta,GA,6775511,6054858,33.749,-84.388,30334,Eastern,-05:00,-04:00,33.65,-84.43,25
2020-04-03 ,0,EST,Atlanta,GA,33.65,-84.43,PM2.5,38,1,Good,11,"Atlanta–Athens-Clarke County–Sandy Springs, GA-AL Combined Statistical Area",Atlanta,GA,6775511,6054858,33.749,-84.388,30334,Eastern,-05:00,-04:00,33.65,-84.43,25
2020-04-03 ,0,EST,Atlanta,GA,33.65,-84.43,PM10,11,1,Good,11,"Atlanta–Athens-Clarke County–Sandy Springs, GA-AL Combined Statistical Area",Atlanta,GA,6775511,6054858,33.749,-84.388,30334,Eastern,-05:00,-04:00,33.65,-84.43,25
2020-04-04 ,0,EST,Atlanta,GA,33.65,-84.43,OZONE,51,2,Moderate,11,"Atlanta–Athens-Clarke County–Sandy Springs, GA-AL Combined Statistical Area",Atlanta,GA,6775511,6054858,33.749,-84.388,30334,Eastern,-05:00,-04:00,33.65,-84.43,25
2020-04-04 ,0,EST,Atlanta,GA,33.65,-84.43,PM2.5,55,2,Moderate,11,"Atlanta–Athens-Clarke County–Sandy Springs, GA-AL Combined Statistical Area",Atlanta,GA,6775511,6054858,33.749,-84.388,30334,Eastern,-05:00,-04:00,33.65,-84.43,25
2020-04-04 ,0,EST,Atlanta,GA,33.65,-84.43,PM10,16,1,Good,11,"Atlanta–Athens-Clarke County–Sandy Springs, GA-AL Combined Statistical Area",Atlanta,GA,6775511,6054858,33.749,-84.388,30334,Eastern,-05:00,-04:00,33.65,-84.43,25
2020-04-05 ,0,EST,Atlanta,GA,33.65,-84.43,OZONE,61,2,Moderate,11,"Atlanta–Athens-Clarke County–Sandy Springs, GA-AL Combined Statistical Area",Atlanta,GA,6775511,6054858,33.749,-84.388,30334,Eastern,-05:00,-04:00,33.65,-84.43,25
2020-04-05 ,0,EST,Atlanta,GA,33.65,-84.43,PM2.5,71,2,Moderate,11,"Atlanta–Athens-Clarke County–Sandy Springs, GA-AL Combined Statistical Area",Atlanta,GA,6775511,6054858,33.749,-84.388,30334,Eastern,-05:00,-04:00,33.65,-84.43,25
2020-04-05 ,0,EST,Atlanta,GA,33.65,-84.43,PM10,23,1,Good,11,"Atlanta–Athens-Clarke County–Sandy Springs, GA-AL Combined Statistical Area",Atlanta,GA,6775511,6054858,33.749,-84.388,30334,Eastern,-05:00,-04:00,33.65,-84.43,25
2020-04-06 ,0,EST,Atlanta,GA,33.65,-84.43,OZONE,54,2,Moderate,11,"Atlanta–Athens-Clarke County–Sandy Springs, GA-AL Combined Statistical Area",Atlanta,GA,6775511,6054858,33.749,-84.388,30334,Eastern,-05:00,-04:00,33.65,-84.43,25
2020-04-06 ,0,EST,Atlanta,GA,33.65,-84.43,PM2.5,61,2,Moderate,11,"Atlanta–Athens-Clarke County–Sandy Springs, GA-AL Combined Statistical Area",Atlanta,GA,6775511,6054858,33.749,-84.388,30334,Eastern,-05:00,-04:00,33.65,-84.43,25
2020-04-06 ,0,EST,Atlanta,GA,33.65,-84.43,PM10,24,1,Good,11,"Atlanta–Athens-Clarke County–Sandy Springs, GA-AL Combined Statistical Area",Atlanta,GA,6775511,6054858,33.749,-84.388,30334,Eastern,-05:00,-04:00,33.65,-84.43,25
2020-04-07 ,0,EST,Atlanta,GA,33.65,-84.43,OZONE,40,1,Good,11,"Atlanta–Athens-Clarke County–Sandy Springs, GA-AL Combined Statistical Area",Atlanta,GA,6775511,6054858,33.749,-84.388,30334,Eastern,-05:00,-04:00,33.65,-84.43,25
2020-04-07 ,0,EST,Atlanta,GA,33.65,-84.43,PM2.5,76,2,Moderate,11,"Atlanta–Athens-Clarke County–Sandy Springs, GA-AL Combined Statistical Area",Atlanta,GA,6775511,6054858,33.749,-84.388,30334,Eastern,-05:00,-04:00,33.65,-84.43,25
2020-04-07 ,0,EST,Atlanta,GA,33.65,-84.43,PM10,24,1,Good,11,"Atlanta–Athens-Clarke County–Sandy Springs, GA-AL Combined Statistical Area",Atlanta,GA,6775511,6054858,33.749,-84.388,30334,Eastern,-05:00,-04:00,33.65,-84.43,25
2020-04-01 ,0,EST,Detroit,MI,42.233,-83.333,OZONE,38,1,Good,12,"Detroit-Warren-Ann Arbor, MI Combined Statistical Area",Detroit,MI,5353002,5318744,42.3314,-83.0458,48226,Eastern,-05:00,-04:00,42.233,-83.333,25
2020-04-01 ,0,EST,Detroit,MI,42.233,-83.333,PM2.5,38,1,Good,12,"Detroit-Warren-Ann Arbor, MI Combined Statistical Area",Detroit,MI,5353002,5318744,42.3314,-83.0458,48226,Eastern,-05:00,-04:00,42.233,-83.333,25
2020-04-01 ,0,EST,Detroit,MI,42.233,-83.333,PM10,9,1,Good,12,"Detroit-Warren-Ann Arbor, MI Combined Statistical Area",Detroit,MI,5353002,5318744,42.3314,-83.0458,48226,Eastern,-05:00,-04:00,42.233,-83.333,25
2020-04-02 ,0,EST,Detroit,MI,42.233,-83.333,OZONE,42,1,Good,12,"Detroit-Warren-Ann Arbor, MI Combined Statistical Area",Detroit,MI,5353002,5318744,42.3314,-83.0458,48226,Eastern,-05:00,-04:00,42.233,-83.333,25
2020-04-02 ,0,EST,Detroit,MI,42.233,-83.333,PM2.5,44,1,Good,12,"Detroit-Warren-Ann Arbor, MI Combined Statistical Area",Detroit,MI,5353002,5318744,42.3314,-83.0458,48226,Eastern,-05:00,-04:00,42.233,-83.333,25
2020-04-02 ,0,EST,Detroit,MI,42.233,-83.333,PM10,14,1,Good,12,"Detroit-Warren-Ann Arbor, MI Combined Statistical Area",Detroit,MI,5353002,5318744,42.3314,-83.0458,48226,Eastern,-05:00,-04:00,42.233,-83.333,25
2020-04-03 ,0,EST,Detroit,MI,42.233,-83.333,OZONE,43,1,Good,12,"Detroit-Warren-Ann Arbor, MI Combined Statistical Area",Detroit,MI,5353002,5318744,42.3314,-83.0458,48226,Eastern,-05:00,-04:00,42.233,-83.333,25
2020-04-03 ,0,EST,Detroit,MI,42.233,-83.333,PM2.5,58,2,Moderate,12,"Detroit-Warren-Ann Arbor, MI Combined Statistical Area",Detroit,MI,5353002,5318744,42.3314,-83.0458,48226,Eastern,-05:00,-04:00,42.233,-83.333,25
2020-04-03 ,0,EST,Detroit,MI,42.233,-83.333,PM10,23,1,Good,12,"Detroit-Warren-Ann Arbor, MI Combined Statistical Area",Detroit,MI,5353002,5318744,42.3314,-83.0458,48226,Eastern,-05:00,-04:00,42.233,-83.333,25
2020-04-04 ,0,EST,Detroit,MI,42.233,-83.333,OZONE,35,1,Good,12,"Detroit-Warren-Ann Arbor, MI Combined Statistical Area",Detroit,MI,5353002,5318744,42.3314,-83.0458,48226,Eastern,-05:00,-04:00,42.233,-83.333,25
2020-04-04 ,0,EST,Detroit,MI,42.233,-83.333,PM2.5,56,2,Moderate,12,"Detroit-Warren-Ann Arbor, MI Combined Statistical Area",Detroit,MI,5353002,5318744,42.3314,-83.0458,48226,Eastern,-05:00,-04:00,42.233,-83.333,25
2020-04-04 ,0,EST,Detroit,MI,42.233,-83.333,PM10,15,1,Good,12,"Detroit-Warren-Ann Arbor, MI Combined Statistical Area",Detroit,MI,5353002,5318744,42.3314,-83.0458,48226,Eastern,-05:00,-04:00,42.233,-83.333,25
2020-04-05 ,0,EST,Detroit,MI,42.233,-83.333,OZONE,34,1,Good,12,"Detroit-Warren-Ann Arbor, MI Combined Statistical Area",Detroit,MI,5353002,5318744,42.3314,-83.0458,48226,Eastern,-05:00,-04:00,42.233,-83.333,25
2020-04-05 ,0,EST,Detroit,MI,42.233,-83.333,PM2.5,39,1,Good,12,"Detroit-Warren-Ann Arbor, MI Combined Statistical Area",Detroit,MI,5353002,5318744,42.3314,-83.0458,48226,Eastern,-05:00,-04:00,42.233,-83.333,25
2020-04-05 ,0,EST,Detroit,MI,42.233,-83.333,PM10,6,1,Good,12,"Detroit-Warren-Ann Arbor, MI Combined Statistical Area",Detroit,MI,5353002,5318744,42.3314,-83.0458,48226,Eastern,-05:00,-04:00,42.233,-83.333,25
2020-04-06 ,0,EST,Detroit,MI,42.233,-83.333,OZONE,41,1,Good,12,"Detroit-Warren-Ann Arbor, MI Combined Statistical Area",Detroit,MI,5353002,5318744,42.3314,-83.0458,48226,Eastern,-05:00,-04:00,42.233,-83.333,25
2020-04-06 ,0,EST,Detroit,MI,42.233,-83.333,PM2.5,60,2,Moderate,12,"Detroit-Warren-Ann Arbor, MI Combined Statistical Area",Detroit,MI,5353002,5318744,42.3314,-83.0458,48226,Eastern,-05:00,-04:00,42.233,-83.333,25
2020-04-06 ,0,EST,Detroit,MI,42.233,-83.333,PM10,23,1,Good,12,"Detroit-Warren-Ann Arbor, MI Combined Statistical Area",Detroit,MI,5353002,5318744,42.3314,-83.0458,48226,Eastern,-05:00,-04:00,42.233,-83.333,25
2020-04-07 ,0,EST,Detroit,MI,42.233,-83.333,OZONE,36,1,Good,12,"Detroit-Warren-Ann Arbor, MI Combined Statistical Area",Detroit,MI,5353002,5318744,42.3314,-83.0458,48226,Eastern,-05:00,-04:00,42.233,-83.333,25
2020-04-07 ,0,EST,Detroit,MI,42.233,-83.333,PM2.5,53,2,Moderate,12,"Detroit-Warren-Ann Arbor, MI Combined Statistical Area",Detroit,MI,5353002,5318744,42.3314,-83.0458,48226,Eastern,-05:00,-04:00,42.233,-83.333,25
2020-04-07 ,0,EST,Detroit,MI,42.233,-83.333,PM10,18,1,Good,12,"Detroit-Warren-Ann Arbor, MI Combined Statistical Area",Detroit,MI,5353002,5318744,42.3314,-83.0458,48226,Eastern,-05:00,-04:00,42.233,-83.333,25
2020-04-01 ,0,MST,Phoenix,AZ,33.543,-112.071,OZONE,74,2,Moderate,13,"Phoenix-Mesa, AZ Combined Statistical Area",Phoenix,AZ,4911851,4246484,33.4484,-112.074,85004,Mountain,-07:00,-07:00,33.543,-112.071,25
2020-04-01 ,0,MST,Phoenix,AZ,33.543,-112.071,PM2.5,35,1,Good,13,"Phoenix-Mesa, AZ Combined Statistical Area",Phoenix,AZ,4911851,4246484,33.4484,-112.074,85004,Mountain,-07:00,-07:00,33.543,-112.071,25
2020-04-01 ,0,MST,Phoenix,AZ,33.543,-112.071,PM10,54,2,Moderate,13,"Phoenix-Mesa, AZ Combined Statistical Area",Phoenix,AZ,4911851,4246484,33.4484,-112.074,85004,Mountain,-07:00,-07:00,33.543,-112.071,25
2020-04-02 ,0,MST,Phoenix,AZ,33.543,-112.071,OZONE,50,1,Good,13,"Phoenix-Mesa, AZ Combined Statistical Area",Phoenix,AZ,4911851,4246484,33.4484,-112.074,85004,Mountain,-07:00,-07:00,33.543,-112.071,25
2020-04-02 ,0,MST,Phoenix,AZ,33.543,-112.071,PM2.5,25,1,Good,13,"Phoenix-Mesa, AZ Combined Statistical Area",Phoenix,AZ,4911851,4246484,33.4484,-112.074,85004,Mountain,-07:00,-07:00,33.543,-112.071,25
2020-04-02 ,0,MST,Phoenix,AZ,33.543,-112.071,PM10,51,2,Moderate,13,"Phoenix-Mesa, AZ Combined Statistical Area",Phoenix,AZ,4911851,4246484,33.4484,-112.074,85004,Mountain,-07:00,-07:00,33.543,-112.071,25
2020-04-03 ,0,MST,Phoenix,AZ,33.543,-112.071,OZONE,58,2,Moderate,13,"Phoenix-Mesa, AZ Combined Statistical Area",Phoenix,AZ,4911851,4246484,33.4484,-112.074,85004,Mountain,-07:00,-07:00,33.543,-112.071,25
2020-04-03 ,0,MST,Phoenix,AZ,33.543,-112.071,PM2.5,32,1,Good,13,"Phoenix-Mesa, AZ Combined Statistical Area",Phoenix,AZ,4911851,4246484,33.4484,-112.074,85004,Mountain,-07:00,-07:00,33.543,-112.071,25
2020-04-03 ,0,MST,Phoenix,AZ,33.543,-112.071,PM10,47,1,Good,13,"Phoenix-Mesa, AZ Combined Statistical Area",Phoenix,AZ,4911851,4246484,33.4484,-112.074,85004,Mountain,-07:00,-07:00,33.543,-112.071,25
2020-04-04 ,0,MST,Phoenix,AZ,33.543,-112.071,OZONE,71,2,Moderate,13,"Phoenix-Mesa, AZ Combined Statistical Area",Phoenix,AZ,4911851,4246484,33.4484,-112.074,85004,Mountain,-07:00,-07:00,33.543,-112.071,25
2020-04-04 ,0,MST,Phoenix,AZ,33.543,-112.071,PM2.5,28,1,Good,13,"Phoenix-Mesa, AZ Combined Statistical Area",Phoenix,AZ,4911851,4246484,33.4484,-112.074,85004,Mountain,-07:00,-07:00,33.543,-112.071,25
2020-04-04 ,0,MST,Phoenix,AZ,33.543,-112.071,PM10,29,1,Good,13,"Phoenix-Mesa, AZ Combined Statistical Area",Phoenix,AZ,4911851,4246484,33.4484,-112.074,85004,Mountain,-07:00,-07:00,33.543,-112.071,25
2020-04-05 ,0,MST,Phoenix,AZ,33.543,-112.071,OZONE,48,1,Good,13,"Phoenix-Mesa, AZ Combined Statistical Area",Phoenix,AZ,4911851,4246484,33.4484,-112.074,85004,Mountain,-07:00,-07:00,33.543,-112.071,25
2020-04-05 ,0,MST,Phoenix,AZ,33.543,-112.071,PM2.5,22,1,Good,13,"Phoenix-Mesa, AZ Combined Statistical Area",Phoenix,AZ,4911851,4246484,33.4484,-112.074,85004,Mountain,-07:00,-07:00,33.543,-112.071,25
2020-04-05 ,0,MST,Phoenix,AZ,33.543,-112.071,PM10,19,1,Good,13,"Phoenix-Mesa, AZ Combined Statistical Area",Phoenix,AZ,4911851,4246484,33.4484,-112.074,85004,Mountain,-07:00,-07:00,33.543,-112.071,25
2020-04-06 ,0,MST,Phoenix,AZ,33.543,-112.071,OZONE,48,1,Good,13,"Phoenix-Mesa, AZ Combined Statistical Area",Phoenix,AZ,4911851,4246484,33.4484,-112.074,85004,Mountain,-07:00,-07:00,33.543,-112.071,25
2020-04-06 ,0,MST,Phoenix,AZ,33.543,-112.071,PM2.5,25,1,Good,13,"Phoenix-Mesa, AZ Combined Statistical Area",Phoenix,AZ,4911851,4246484,33.4484,-112.074,85004,Mountain,-07:00,-07:00,33.543,-112.071,25
2020-04-06 ,0,MST,Phoenix,AZ,33.543,-112.071,PM10,46,1,Good,13,"Phoenix-Mesa, AZ Combined Statistical Area",Phoenix,AZ,4911851,4246484,33.4484,-112.074,85004,Mountain,-07:00,-07:00,33.543,-112.071,25
2020-04-07 ,0,MST,Phoenix,AZ,33.543,-112.071,OZONE,46,1,Good,13,"Phoenix-Mesa, AZ Combined Statistical Area",Phoenix,AZ,4911851,4246484,33.4484,-112.074,85004,Mountain,-07:00,-07:00,33.543,-112.071,25
2020-04-07 ,0,MST,Phoenix,AZ,33.543,-112.071,PM2.5,21,1,Good,13,"Phoenix-Mesa, AZ Combined Statistical Area",Phoenix,AZ,4911851,4246484,33.4484,-112.074,85004,Mountain,-07:00,-07:00,33.543,-112.071,25
2020-04-07 ,0,MST,Phoenix,AZ,33.543,-112.071,PM10,43,1,Good,13,"Phoenix-Mesa, AZ Combined Statistical Area",Phoenix,AZ,4911851,4246484,33.4484,-112.074,85004,Mountain,-07:00,-07:00,33.543,-112.071,25
2020-04-01 ,0,PST,Seattle-Bellevue-Kent Valley,WA,47.562,-122.3405,OZONE,33,1,Good,14,"Seattle-Tacoma, WA Combined Statistical Area",Seattle,WA,4853364,4274767,47.6062,-122.3321,98164,Pacific,-08:00,-07:00,47.562,-122.3405,25
2020-04-01 ,0,PST,Seattle-Bellevue-Kent Valley,WA,47.562,-122.3405,PM2.5,24,1,Good,14,"Seattle-Tacoma, WA Combined Statistical Area",Seattle,WA,4853364,4274767,47.6062,-122.3321,98164,Pacific,-08:00,-07:00,47.562,-122.3405,25
2020-04-02 ,0,PST,Seattle-Bellevue-Kent Valley,WA,47.562,-122.3405,OZONE,32,1,Good,14,"Seattle-Tacoma, WA Combined Statistical Area",Seattle,WA,4853364,4274767,47.6062,-122.3321,98164,Pacific,-08:00,-07:00,47.562,-122.3405,25
2020-04-02 ,0,PST,Seattle-Bellevue-Kent Valley,WA,47.562,-122.3405,PM2.5,43,1,Good,14,"Seattle-Tacoma, WA Combined Statistical Area",Seattle,WA,4853364,4274767,47.6062,-122.3321,98164,Pacific,-08:00,-07:00,47.562,-122.3405,25
2020-04-03 ,0,PST,Seattle-Bellevue-Kent Valley,WA,47.562,-122.3405,OZONE,31,1,Good,14,"Seattle-Tacoma, WA Combined Statistical Area",Seattle,WA,4853364,4274767,47.6062,-122.3321,98164,Pacific,-08:00,-07:00,47.562,-122.3405,25
2020-04-03 ,0,PST,Seattle-Bellevue-Kent Valley,WA,47.562,-122.3405,PM2.5,26,1,Good,14,"Seattle-Tacoma, WA Combined Statistical Area",Seattle,WA,4853364,4274767,47.6062,-122.3321,98164,Pacific,-08:00,-07:00,47.562,-122.3405,25
2020-04-04 ,0,PST,Seattle-Bellevue-Kent Valley,WA,47.562,-122.3405,OZONE,32,1,Good,14,"Seattle-Tacoma, WA Combined Statistical Area",Seattle,WA,4853364,4274767,47.6062,-122.3321,98164,Pacific,-08:00,-07:00,47.562,-122.3405,25
2020-04-04 ,0,PST,Seattle-Bellevue-Kent Valley,WA,47.562,-122.3405,PM2.5,30,1,Good,14,"Seattle-Tacoma, WA Combined Statistical Area",Seattle,WA,4853364,4274767,47.6062,-122.3321,98164,Pacific,-08:00,-07:00,47.562,-122.3405,25
2020-04-05 ,0,PST,Seattle-Bellevue-Kent Valley,WA,47.562,-122.3405,OZONE,31,1,Good,14,"Seattle-Tacoma, WA Combined Statistical Area",Seattle,WA,4853364,4274767,47.6062,-122.3321,98164,Pacific,-08:00,-07:00,47.562,-122.3405,25
2020-04-05 ,0,PST,Seattle-Bellevue-Kent Valley,WA,47.562,-122.3405,PM2.5,41,1,Good,14,"Seattle-Tacoma, WA Combined Statistical Area",Seattle,WA,4853364,4274767,47.6062,-122.3321,98164,Pacific,-08:00,-07:00,47.562,-122.3405,25
2020-04-06 ,0,PST,Seattle-Bellevue-Kent Valley,WA,47.562,-122.3405,OZONE,33,1,Good,14,"Seattle-Tacoma, WA Combined Statistical Area",Seattle,WA,4853364,4274767,47.6062,-122.3321,98164,Pacific,-08:00,-07:00,47.562,-122.3405,25
2020-04-06 ,0,PST,Seattle-Bellevue-Kent Valley,WA,47.562,-122.3405,PM2.5,34,1,Good,14,"Seattle-Tacoma, WA Combined Statistical Area",Seattle,WA,4853364,4274767,47.6062,-122.3321,98164,Pacific,-08:00,-07:00,47.562,-122.3405,25
2020-04-07 ,0,PST,Seattle-Bellevue-Kent Valley,WA,47.562,-122.3405,OZONE,31,1,Good,14,"Seattle-Tacoma, WA Combined Statistical Area",Seattle,WA,4853364,4274767,47.6062,-122.3321,98164,Pacific,-08:00,-07:00,47.562,-122.3405,25
2020-04-07 ,0,PST,Seattle-Bellevue-Kent Valley,WA,47.562,-122.3405,PM2.5,39,1,Good,14,"Seattle-Tacoma, WA Combined Statistical Area",Seattle,WA,4853364,4274767,47.6062,-122.3321,98164,Pacific,-08:00,-07:00,47.562,-122.3405,25
2020-04-01 ,0,EST,Orlando,FL,28.505,-81.374,OZONE,45,1,Good,15,"Orlando-Lakeland-Deltona, FL Combined Statistical Area",Orlando,FL,4096575,3447946,28.5383,-81.3792,32801,Eastern,-05:00,-04:00,28.505,-81.374,25
2020-04-01 ,0,EST,Orlando,FL,28.505,-81.374,PM2.5,16,1,Good,15,"Orlando-Lakeland-Deltona, FL Combined Statistical Area",Orlando,FL,4096575,3447946,28.5383,-81.3792,32801,Eastern,-05:00,-04:00,28.505,-81.374,25
2020-04-04 ,0,EST,Orlando,FL,28.505,-81.374,OZONE,87,2,Moderate,15,"Orlando-Lakeland-Deltona, FL Combined Statistical Area",Orlando,FL,4096575,3447946,28.5383,-81.3792,32801,Eastern,-05:00,-04:00,28.505,-81.374,25
2020-04-04 ,0,EST,Orlando,FL,28.505,-81.374,PM2.5,28,1,Good,15,"Orlando-Lakeland-Deltona, FL Combined Statistical Area",Orlando,FL,4096575,3447946,28.5383,-81.3792,32801,Eastern,-05:00,-04:00,28.505,-81.374,25
2020-04-05 ,0,EST,Orlando,FL,28.505,-81.374,OZONE,40,1,Good,15,"Orlando-Lakeland-Deltona, FL Combined Statistical Area",Orlando,FL,4096575,3447946,28.5383,-81.3792,32801,Eastern,-05:00,-04:00,28.505,-81.374,25
2020-04-05 ,0,EST,Orlando,FL,28.505,-81.374,PM2.5,53,2,Moderate,15,"Orlando-Lakeland-Deltona, FL Combined Statistical Area",Orlando,FL,4096575,3447946,28.5383,-81.3792,32801,Eastern,-05:00,-04:00,28.505,-81.374,25
2020-04-06 ,0,EST,Orlando,FL,28.505,-81.374,OZONE,40,1,Good,15,"Orlando-Lakeland-Deltona, FL Combined Statistical Area",Orlando,FL,4096575,3447946,28.5383,-81.3792,32801,Eastern,-05:00,-04:00,28.505,-81.374,25
2020-04-06 ,0,EST,Orlando,FL,28.505,-81.374,PM2.5,14,1,Good,15,"Orlando-Lakeland-Deltona, FL Combined Statistical Area",Orlando,FL,4096575,3447946,28.5383,-81.3792,32801,Eastern,-05:00,-04:00,28.505,-81.374,25
2020-04-07 ,0,EST,Orlando,FL,28.505,-81.374,OZONE,46,1,Good,15,"Orlando-Lakeland-Deltona, FL Combined Statistical Area",Orlando,FL,4096575,3447946,28.5383,-81.3792,32801,Eastern,-05:00,-04:00,28.505,-81.374,25
2020-04-07 ,0,EST,Orlando,FL,28.505,-81.374,PM2.5,13,1,Good,15,"Orlando-Lakeland-Deltona, FL Combined Statistical Area",Orlando,FL,4096575,3447946,28.5383,-81.3792,32801,Eastern,-05:00,-04:00,28.505,-81.374,25
2020-04-01 ,0,CST,Minneapolis-St. Paul,MN,44.955,-93.185,OZONE,19,1,Good,16,"Minneapolis-St. Paul, MN-WI Combined Statistical Area",Minneapolis,MN,4014593,3721504,44.9778,-93.265,55415,Central,-06:00,-05:00,44.955,-93.185,25
2020-04-01 ,0,CST,Minneapolis-St. Paul,MN,44.955,-93.185,PM2.5,26,1,Good,16,"Minneapolis-St. Paul, MN-WI Combined Statistical Area",Minneapolis,MN,4014593,3721504,44.9778,-93.265,55415,Central,-06:00,-05:00,44.955,-93.185,25
2020-04-02 ,0,CST,Minneapolis-St. Paul,MN,44.955,-93.185,OZONE,19,1,Good,16,"Minneapolis-St. Paul, MN-WI Combined Statistical Area",Minneapolis,MN,4014593,3721504,44.9778,-93.265,55415,Central,-06:00,-05:00,44.955,-93.185,25
2020-04-02 ,0,CST,Minneapolis-St. Paul,MN,44.955,-93.185,PM2.5,39,1,Good,16,"Minneapolis-St. Paul, MN-WI Combined Statistical Area",Minneapolis,MN,4014593,3721504,44.9778,-93.265,55415,Central,-06:00,-05:00,44.955,-93.185,25
2020-04-03 ,0,CST,Minneapolis-St. Paul,MN,44.955,-93.185,OZONE,16,1,Good,16,"Minneapolis-St. Paul, MN-WI Combined Statistical Area",Minneapolis,MN,4014593,3721504,44.9778,-93.265,55415,Central,-06:00,-05:00,44.955,-93.185,25
2020-04-03 ,0,CST,Minneapolis-St. Paul,MN,44.955,-93.185,PM2.5,23,1,Good,16,"Minneapolis-St. Paul, MN-WI Combined Statistical Area",Minneapolis,MN,4014593,3721504,44.9778,-93.265,55415,Central,-06:00,-05:00,44.955,-93.185,25
2020-04-04 ,0,CST,Minneapolis-St. Paul,MN,44.955,-93.185,OZONE,19,1,Good,16,"Minneapolis-St. Paul, MN-WI Combined Statistical Area",Minneapolis,MN,4014593,3721504,44.9778,-93.265,55415,Central,-06:00,-05:00,44.955,-93.185,25
2020-04-04 ,0,CST,Minneapolis-St. Paul,MN,44.955,-93.185,PM2.5,47,1,Good,16,"Minneapolis-St. Paul, MN-WI Combined Statistical Area",Minneapolis,MN,4014593,3721504,44.9778,-93.265,55415,Central,-06:00,-05:00,44.955,-93.185,25
2020-04-05 ,0,CST,Minneapolis-St. Paul,MN,44.955,-93.185,OZONE,24,1,Good,16,"Minneapolis-St. Paul, MN-WI Combined Statistical Area",Minneapolis,MN,4014593,3721504,44.9778,-93.265,55415,Central,-06:00,-05:00,44.955,-93.185,25
2020-04-05 ,0,CST,Minneapolis-St. Paul,MN,44.955,-93.185,PM2.5,52,2,Moderate,16,"Minneapolis-St. Paul, MN-WI Combined Statistical Area",Minneapolis,MN,4014593,3721504,44.9778,-93.265,55415,Central,-06:00,-05:00,44.955,-93.185,25
2020-04-06 ,0,CST,Minneapolis-St. Paul,MN,44.955,-93.185,OZONE,14,1,Good,16,"Minneapolis-St. Paul, MN-WI Combined Statistical Area",Minneapolis,MN,4014593,3721504,44.9778,-93.265,55415,Central,-06:00,-05:00,44.955,-93.185,25
2020-04-06 ,0,CST,Minneapolis-St. Paul,MN,44.955,-93.185,PM2.5,64,2,Moderate,16,"Minneapolis-St. Paul, MN-WI Combined Statistical Area",Minneapolis,MN,4014593,3721504,44.9778,-93.265,55415,Central,-06:00,-05:00,44.955,-93.185,25
2020-04-07 ,0,CST,Minneapolis-St. Paul,MN,44.955,-93.185,OZONE,15,1,Good,16,"Minneapolis-St. Paul, MN-WI Combined Statistical Area",Minneapolis,MN,4014593,3721504,44.9778,-93.265,55415,Central,-06:00,-05:00,44.955,-93.185,25
2020-04-07 ,0,CST,Minneapolis-St. Paul,MN,44.955,-93.185,PM2.5,60,2,Moderate,16,"Minneapolis-St. Paul, MN-WI Combined Statistical Area",Minneapolis,MN,4014593,3721504,44.9778,-93.265,55415,Central,-06:00,-05:00,44.955,-93.185,25
2020-04-01 ,0,EST,Cleveland-Akron-Lorain,OH,41.0814,-81.519,OZONE,46,1,Good,17,"Cleveland-Akron-Canton, OH Combined Statistical Area",Cleveland,OH,3599264,3630166,41.4993,-81.6944,44113,Eastern,-05:00,-04:00,41.0814,-81.519,50
2020-04-01 ,0,EST,Cleveland-Akron-Lorain,OH,41.0814,-81.519,PM2.5,23,1,Good,17,"Cleveland-Akron-Canton, OH Combined Statistical Area",Cleveland,OH,3599264,3630166,41.4993,-81.6944,44113,Eastern,-05:00,-04:00,41.0814,-81.519,50
2020-04-01 ,0,EST,Cleveland-Akron-Lorain,OH,41.0814,-81.519,PM10,9,1,Good,17,"Cleveland-Akron-Canton, OH Combined Statistical Area",Cleveland,OH,3599264,3630166,41.4993,-81.6944,44113,Eastern,-05:00,-04:00,41.0814,-81.519,50
2020-04-02 ,0,EST,Cleveland-Akron-Lorain,OH,41.0814,-81.519,OZONE,44,1,Good,17,"Cleveland-Akron-Canton, OH Combined Statistical Area",Cleveland,OH,3599264,3630166,41.4993,-81.6944,44113,Eastern,-05:00,-04:00,41.0814,-81.519,50
2020-04-02 ,0,EST,Cleveland-Akron-Lorain,OH,41.0814,-81.519,PM2.5,25,1,Good,17,"Cleveland-Akron-Canton, OH Combined Statistical Area",Cleveland,OH,3599264,3630166,41.4993,-81.6944,44113,Eastern,-05:00,-04:00,41.0814,-81.519,50
2020-04-02 ,0,EST,Cleveland-Akron-Lorain,OH,41.0814,-81.519,PM10,11,1,Good,17,"Cleveland-Akron-Canton, OH Combined Statistical Area",Cleveland,OH,3599264,3630166,41.4993,-81.6944,44113,Eastern,-05:00,-04:00,41.0814,-81.519,50
2020-04-03 ,0,EST,Cleveland-Akron-Lorain,OH,41.0814,-81.519,OZONE,42,1,Good,17,"Cleveland-Akron-Canton, OH Combined Statistical Area",Cleveland,OH,3599264,3630166,41.4993,-81.6944,44113,Eastern,-05:00,-04:00,41.0814,-81.519,50
2020-04-03 ,0,EST,Cleveland-Akron-Lorain,OH,41.0814,-81.519,PM2.5,27,1,Good,17,"Cleveland-Akron-Canton, OH Combined Statistical Area",Cleveland,OH,3599264,3630166,41.4993,-81.6944,44113,Eastern,-05:00,-04:00,41.0814,-81.519,50
2020-04-03 ,0,EST,Cleveland-Akron-Lorain,OH,41.0814,-81.519,PM10,10,1,Good,17,"Cleveland-Akron-Canton, OH Combined Statistical Area",Cleveland,OH,3599264,3630166,41.4993,-81.6944,44113,Eastern,-05:00,-04:00,41.0814,-81.519,50
2020-04-04 ,0,EST,Cleveland-Akron-Lorain,OH,41.0814,-81.519,OZONE,47,1,Good,17,"Cleveland-Akron-Canton, OH Combined Statistical Area",Cleveland,OH,3599264,3630166,41.4993,-81.6944,44113,Eastern,-05:00,-04:00,41.0814,-81.519,50
2020-04-04 ,0,EST,Cleveland-Akron-Lorain,OH,41.0814,-81.519,PM2.5,58,2,Moderate,17,"Cleveland-Akron-Canton, OH Combined Statistical Area",Cleveland,OH,3599264,3630166,41.4993,-81.6944,44113,Eastern,-05:00,-04:00,41.0814,-81.519,50
2020-04-04 ,0,EST,Cleveland-Akron-Lorain,OH,41.0814,-81.519,PM10,20,1,Good,17,"Cleveland-Akron-Canton, OH Combined Statistical Area",Cleveland,OH,3599264,3630166,41.4993,-81.6944,44113,Eastern,-05:00,-04:00,41.0814,-81.519,50
2020-04-05 ,0,EST,Cleveland-Akron-Lorain,OH,41.0814,-81.519,OZONE,32,1,Good,17,"Cleveland-Akron-Canton, OH Combined Statistical Area",Cleveland,OH,3599264,3630166,41.4993,-81.6944,44113,Eastern,-05:00,-04:00,41.0814,-81.519,50
2020-04-05 ,0,EST,Cleveland-Akron-Lorain,OH,41.0814,-81.519,PM2.5,35,1,Good,17,"Cleveland-Akron-Canton, OH Combined Statistical Area",Cleveland,OH,3599264,3630166,41.4993,-81.6944,44113,Eastern,-05:00,-04:00,41.0814,-81.519,50
2020-04-05 ,0,EST,Cleveland-Akron-Lorain,OH,41.0814,-81.519,PM10,5,1,Good,17,"Cleveland-Akron-Canton, OH Combined Statistical Area",Cleveland,OH,3599264,3630166,41.4993,-81.6944,44113,Eastern,-05:00,-04:00,41.0814,-81.519,50
2020-04-06 ,0,EST,Cleveland-Akron-Lorain,OH,41.0814,-81.519,OZONE,44,1,Good,17,"Cleveland-Akron-Canton, OH Combined Statistical Area",Cleveland,OH,3599264,3630166,41.4993,-81.6944,44113,Eastern,-05:00,-04:00,41.0814,-81.519,50
2020-04-06 ,0,EST,Cleveland-Akron-Lorain,OH,41.0814,-81.519,PM2.5,33,1,Good,17,"Cleveland-Akron-Canton, OH Combined Statistical Area",Cleveland,OH,3599264,3630166,41.4993,-81.6944,44113,Eastern,-05:00,-04:00,41.0814,-81.519,50
2020-04-06 ,0,EST,Cleveland-Akron-Lorain,OH,41.0814,-81.519,PM10,34,1,Good,17,"Cleveland-Akron-Canton, OH Combined Statistical Area",Cleveland,OH,3599264,3630166,41.4993,-81.6944,44113,Eastern,-05:00,-04:00,41.0814,-81.519,50
2020-04-07 ,0,EST,Cleveland-Akron-Lorain,OH,41.0814,-81.519,OZONE,43,1,Good,17,"Cleveland-Akron-Canton, OH Combined Statistical Area",Cleveland,OH,3599264,3630166,41.4993,-81.6944,44113,Eastern,-05:00,-04:00,41.0814,-81.519,50
2020-04-07 ,0,EST,Cleveland-Akron-Lorain,OH,41.0814,-81.519,PM2.5,46,1,Good,17,"Cleveland-Akron-Canton, OH Combined Statistical Area",Cleveland,OH,3599264,3630166,41.4993,-81.6944,44113,Eastern,-05:00,-04:00,41.0814,-81.519,50
2020-04-07 ,0,EST,Cleveland-Akron-Lorain,OH,41.0814,-81.519,PM10,31,1,Good,17,"Cleveland-Akron-Canton, OH Combined Statistical Area",Cleveland,OH,3599264,3630166,41.4993,-81.6944,44113,Eastern,-05:00,-04:00,41.0814,-81.519,50
2020-04-01 ,0,MST,Denver/Boulder,CO,39.768,-104.873,OZONE,51,2,Moderate,18,"Denver-Aurora, CO Combined Statistical Area",Denver,CO,3572798,3090874,39.7392,-104.9903,80202,Mountain,-07:00,-06:00,39.768,-104.873,25
2020-04-01 ,0,MST,Denver/Boulder,CO,39.768,-104.873,PM2.5,28,1,Good,18,"Denver-Aurora, CO Combined Statistical Area",Denver,CO,3572798,3090874,39.7392,-104.9903,80202,Mountain,-07:00,-06:00,39.768,-104.873,25
2020-04-01 ,0,MST,Denver/Boulder,CO,39.768,-104.873,PM10,40,1,Good,18,"Denver-Aurora, CO Combined Statistical Area",Denver,CO,3572798,3090874,39.7392,-104.9903,80202,Mountain,-07:00,-06:00,39.768,-104.873,25
2020-04-02 ,0,MST,Denver/Boulder,CO,39.768,-104.873,OZONE,31,1,Good,18,"Denver-Aurora, CO Combined Statistical Area",Denver,CO,3572798,3090874,39.7392,-104.9903,80202,Mountain,-07:00,-06:00,39.768,-104.873,25
2020-04-02 ,0,MST,Denver/Boulder,CO,39.768,-104.873,PM2.5,22,1,Good,18,"Denver-Aurora, CO Combined Statistical Area",Denver,CO,3572798,3090874,39.7392,-104.9903,80202,Mountain,-07:00,-06:00,39.768,-104.873,25
2020-04-02 ,0,MST,Denver/Boulder,CO,39.768,-104.873,PM10,8,1,Good,18,"Denver-Aurora, CO Combined Statistical Area",Denver,CO,3572798,3090874,39.7392,-104.9903,80202,Mountain,-07:00,-06:00,39.768,-104.873,25
2020-04-03 ,0,MST,Denver/Boulder,CO,39.768,-104.873,OZONE,41,1,Good,18,"Denver-Aurora, CO Combined Statistical Area",Denver,CO,3572798,3090874,39.7392,-104.9903,80202,Mountain,-07:00,-06:00,39.768,-104.873,25
2020-04-03 ,0,MST,Denver/Boulder,CO,39.768,-104.873,PM2.5,36,1,Good,18,"Denver-Aurora, CO Combined Statistical Area",Denver,CO,3572798,3090874,39.7392,-104.9903,80202,Mountain,-07:00,-06:00,39.768,-104.873,25
2020-04-03 ,0,MST,Denver/Boulder,CO,39.768,-104.873,PM10,15,1,Good,18,"Denver-Aurora, CO Combined Statistical Area",Denver,CO,3572798,3090874,39.7392,-104.9903,80202,Mountain,-07:00,-06:00,39.768,-104.873,25
2020-04-04 ,0,MST,Denver/Boulder,CO,39.768,-104.873,OZONE,44,1,Good,18,"Denver-Aurora, CO Combined Statistical Area",Denver,CO,3572798,3090874,39.7392,-104.9903,80202,Mountain,-07:00,-06:00,39.768,-104.873,25
2020-04-04 ,0,MST,Denver/Boulder,CO,39.768,-104.873,PM2.5,29,1,Good,18,"Denver-Aurora, CO Combined Statistical Area",Denver,CO,3572798,3090874,39.7392,-104.9903,80202,Mountain,-07:00,-06:00,39.768,-104.873,25
2020-04-04 ,0,MST,Denver/Boulder,CO,39.768,-104.873,PM10,16,1,Good,18,"Denver-Aurora, CO Combined Statistical Area",Denver,CO,3572798,3090874,39.7392,-104.9903,80202,Mountain,-07:00,-06:00,39.768,-104.873,25
2020-04-05 ,0,MST,Denver/Boulder,CO,39.768,-104.873,OZONE,48,1,Good,18,"Denver-Aurora, CO Combined Statistical Area",Denver,CO,3572798,3090874,39.7392,-104.9903,80202,Mountain,-07:00,-06:00,39.768,-104.873,25
2020-04-05 ,0,MST,Denver/Boulder,CO,39.768,-104.873,PM2.5,24,1,Good,18,"Denver-Aurora, CO Combined Statistical Area",Denver,CO,3572798,3090874,39.7392,-104.9903,80202,Mountain,-07:00,-06:00,39.768,-104.873,25
2020-04-05 ,0,MST,Denver/Boulder,CO,39.768,-104.873,PM10,20,1,Good,18,"Denver-Aurora, CO Combined Statistical Area",Denver,CO,3572798,3090874,39.7392,-104.9903,80202,Mountain,-07:00,-06:00,39.768,-104.873,25
2020-04-06 ,0,MST,Denver/Boulder,CO,39.768,-104.873,OZONE,54,2,Moderate,18,"Denver-Aurora, CO Combined Statistical Area",Denver,CO,3572798,3090874,39.7392,-104.9903,80202,Mountain,-07:00,-06:00,39.768,-104.873,25
2020-04-06 ,0,MST,Denver/Boulder,CO,39.768,-104.873,PM2.5,26,1,Good,18,"Denver-Aurora, CO Combined Statistical Area",Denver,CO,3572798,3090874,39.7392,-104.9903,80202,Mountain,-07:00,-06:00,39.768,-104.873,25
2020-04-06 ,0,MST,Denver/Boulder,CO,39.768,-104.873,PM10,30,1,Good,18,"Denver-Aurora, CO Combined Statistical Area",Denver,CO,3572798,3090874,39.7392,-104.9903,80202,Mountain,-07:00,-06:00,39.768,-104.873,25
2020-04-07 ,0,MST,Denver/Boulder,CO,39.768,-104.873,OZONE,64,2,Moderate,18,"Denver-Aurora, CO Combined Statistical Area",Denver,CO,3572798,3090874,39.7392,-104.9903,80202,Mountain,-07:00,-06:00,39.768,-104.873,25
2020-04-07 ,0,MST,Denver/Boulder,CO,39.768,-104.873,PM2.5,26,1,Good,18,"Denver-Aurora, CO Combined Statistical Area",Denver,CO,3572798,3090874,39.7392,-104.9903,80202,Mountain,-07:00,-06:00,39.768,-104.873,25
2020-04-07 ,0,MST,Denver/Boulder,CO,39.768,-104.873,PM10,33,1,Good,18,"Denver-Aurora, CO Combined Statistical Area",Denver,CO,3572798,3090874,39.7392,-104.9903,80202,Mountain,-07:00,-06:00,39.768,-104.873,25
2020-04-01 ,0,PST,Portland,OR,45.538,-122.656,OZONE,30,1,Good,19,"Portland-Vancouver-Salem, OR-WA Combined Statistical Area",Portland,OR,3239335,2921408,45.5051,-122.675,97201,Pacific,-08:00,-07:00,45.538,-122.656,25
2020-04-01 ,0,PST,Portland,OR,45.538,-122.656,PM2.5,15,1,Good,19,"Portland-Vancouver-Salem, OR-WA Combined Statistical Area",Portland,OR,3239335,2921408,45.5051,-122.675,97201,Pacific,-08:00,-07:00,45.538,-122.656,25
2020-04-02 ,0,PST,Portland,OR,45.538,-122.656,OZONE,29,1,Good,19,"Portland-Vancouver-Salem, OR-WA Combined Statistical Area",Portland,OR,3239335,2921408,45.5051,-122.675,97201,Pacific,-08:00,-07:00,45.538,-122.656,25
2020-04-02 ,0,PST,Portland,OR,45.538,-122.656,PM2.5,19,1,Good,19,"Portland-Vancouver-Salem, OR-WA Combined Statistical Area",Portland,OR,3239335,2921408,45.5051,-122.675,97201,Pacific,-08:00,-07:00,45.538,-122.656,25
2020-04-03 ,0,PST,Portland,OR,45.538,-122.656,OZONE,27,1,Good,19,"Portland-Vancouver-Salem, OR-WA Combined Statistical Area",Portland,OR,3239335,2921408,45.5051,-122.675,97201,Pacific,-08:00,-07:00,45.538,-122.656,25
2020-04-03 ,0,PST,Portland,OR,45.538,-122.656,PM2.5,19,1,Good,19,"Portland-Vancouver-Salem, OR-WA Combined Statistical Area",Portland,OR,3239335,2921408,45.5051,-122.675,97201,Pacific,-08:00,-07:00,45.538,-122.656,25
2020-04-04 ,0,PST,Portland,OR,45.538,-122.656,OZONE,27,1,Good,19,"Portland-Vancouver-Salem, OR-WA Combined Statistical Area",Portland,OR,3239335,2921408,45.5051,-122.675,97201,Pacific,-08:00,-07:00,45.538,-122.656,25
2020-04-04 ,0,PST,Portland,OR,45.538,-122.656,PM2.5,25,1,Good,19,"Portland-Vancouver-Salem, OR-WA Combined Statistical Area",Portland,OR,3239335,2921408,45.5051,-122.675,97201,Pacific,-08:00,-07:00,45.538,-122.656,25
2020-04-05 ,0,PST,Portland,OR,45.538,-122.656,OZONE,31,1,Good,19,"Portland-Vancouver-Salem, OR-WA Combined Statistical Area",Portland,OR,3239335,2921408,45.5051,-122.675,97201,Pacific,-08:00,-07:00,45.538,-122.656,25
2020-04-05 ,0,PST,Portland,OR,45.538,-122.656,PM2.5,22,1,Good,19,"Portland-Vancouver-Salem, OR-WA Combined Statistical Area",Portland,OR,3239335,2921408,45.5051,-122.675,97201,Pacific,-08:00,-07:00,45.538,-122.656,25
2020-04-06 ,0,PST,Portland,OR,45.538,-122.656,OZONE,30,1,Good,19,"Portland-Vancouver-Salem, OR-WA Combined Statistical Area",Portland,OR,3239335,2921408,45.5051,-122.675,97201,Pacific,-08:00,-07:00,45.538,-122.656,25
2020-04-06 ,0,PST,Portland,OR,45.538,-122.656,PM2.5,23,1,Good,19,"Portland-Vancouver-Salem, OR-WA Combined Statistical Area",Portland,OR,3239335,2921408,45.5051,-122.675,97201,Pacific,-08:00,-07:00,45.538,-122.656,25
2020-04-07 ,0,PST,Portland,OR,45.538,-122.656,OZONE,41,1,Good,19,"Portland-Vancouver-Salem, OR-WA Combined Statistical Area",Portland,OR,3239335,2921408,45.5051,-122.675,97201,Pacific,-08:00,-07:00,45.538,-122.656,25
2020-04-07 ,0,PST,Portland,OR,45.538,-122.656,PM2.5,20,1,Good,19,"Portland-Vancouver-Salem, OR-WA Combined Statistical Area",Portland,OR,3239335,2921408,45.5051,-122.675,97201,Pacific,-08:00,-07:00,45.538,-122.656,25
2020-04-01 ,0,CST,Saint Louis,MO,38.75,-90.383,OZONE,41,1,Good,20,"St. Louis-St. Charles-Farmington, MO-IL Combined Statistical Area",St. Louis,MO,2909777,2892497,38.627,-90.1994,63103,Central,-06:00,-05:00,38.75,-90.383,25
2020-04-01 ,0,CST,Saint Louis,MO,38.75,-90.383,PM2.5,36,1,Good,20,"St. Louis-St. Charles-Farmington, MO-IL Combined Statistical Area",St. Louis,MO,2909777,2892497,38.627,-90.1994,63103,Central,-06:00,-05:00,38.75,-90.383,25
2020-04-01 ,0,CST,Saint Louis,MO,38.75,-90.383,PM10,32,1,Good,20,"St. Louis-St. Charles-Farmington, MO-IL Combined Statistical Area",St. Louis,MO,2909777,2892497,38.627,-90.1994,63103,Central,-06:00,-05:00,38.75,-90.383,25
2020-04-02 ,0,CST,Saint Louis,MO,38.75,-90.383,OZONE,48,1,Good,20,"St. Louis-St. Charles-Farmington, MO-IL Combined Statistical Area",St. Louis,MO,2909777,2892497,38.627,-90.1994,63103,Central,-06:00,-05:00,38.75,-90.383,25
2020-04-02 ,0,CST,Saint Louis,MO,38.75,-90.383,PM2.5,43,1,Good,20,"St. Louis-St. Charles-Farmington, MO-IL Combined Statistical Area",St. Louis,MO,2909777,2892497,38.627,-90.1994,63103,Central,-06:00,-05:00,38.75,-90.383,25
2020-04-02 ,0,CST,Saint Louis,MO,38.75,-90.383,PM10,59,2,Moderate,20,"St. Louis-St. Charles-Farmington, MO-IL Combined Statistical Area",St. Louis,MO,2909777,2892497,38.627,-90.1994,63103,Central,-06:00,-05:00,38.75,-90.383,25
2020-04-03 ,0,CST,Saint Louis,MO,38.75,-90.383,OZONE,44,1,Good,20,"St. Louis-St. Charles-Farmington, MO-IL Combined Statistical Area",St. Louis,MO,2909777,2892497,38.627,-90.1994,63103,Central,-06:00,-05:00,38.75,-90.383,25
2020-04-03 ,0,CST,Saint Louis,MO,38.75,-90.383,PM2.5,32,1,Good,20,"St. Louis-St. Charles-Farmington, MO-IL Combined Statistical Area",St. Louis,MO,2909777,2892497,38.627,-90.1994,63103,Central,-06:00,-05:00,38.75,-90.383,25
2020-04-03 ,0,CST,Saint Louis,MO,38.75,-90.383,PM10,34,1,Good,20,"St. Louis-St. Charles-Farmington, MO-IL Combined Statistical Area",St. Louis,MO,2909777,2892497,38.627,-90.1994,63103,Central,-06:00,-05:00,38.75,-90.383,25
2020-04-04 ,0,CST,Saint Louis,MO,38.75,-90.383,OZONE,23,1,Good,20,"St. Louis-St. Charles-Farmington, MO-IL Combined Statistical Area",St. Louis,MO,2909777,2892497,38.627,-90.1994,63103,Central,-06:00,-05:00,38.75,-90.383,25
2020-04-04 ,0,CST,Saint Louis,MO,38.75,-90.383,PM2.5,22,1,Good,20,"St. Louis-St. Charles-Farmington, MO-IL Combined Statistical Area",St. Louis,MO,2909777,2892497,38.627,-90.1994,63103,Central,-06:00,-05:00,38.75,-90.383,25
2020-04-04 ,0,CST,Saint Louis,MO,38.75,-90.383,PM10,5,1,Good,20,"St. Louis-St. Charles-Farmington, MO-IL Combined Statistical Area",St. Louis,MO,2909777,2892497,38.627,-90.1994,63103,Central,-06:00,-05:00,38.75,-90.383,25
2020-04-05 ,0,CST,Saint Louis,MO,38.75,-90.383,OZONE,32,1,Good,20,"St. Louis-St. Charles-Farmington, MO-IL Combined Statistical Area",St. Louis,MO,2909777,2892497,38.627,-90.1994,63103,Central,-06:00,-05:00,38.75,-90.383,25
2020-04-05 ,0,CST,Saint Louis,MO,38.75,-90.383,PM2.5,55,2,Moderate,20,"St. Louis-St. Charles-Farmington, MO-IL Combined Statistical Area",St. Louis,MO,2909777,2892497,38.627,-90.1994,63103,Central,-06:00,-05:00,38.75,-90.383,25
2020-04-05 ,0,CST,Saint Louis,MO,38.75,-90.383,PM10,12,1,Good,20,"St. Louis-St. Charles-Farmington, MO-IL Combined Statistical Area",St. Louis,MO,2909777,2892497,38.627,-90.1994,63103,Central,-06:00,-05:00,38.75,-90.383,25
2020-04-06 ,0,CST,Saint Louis,MO,38.75,-90.383,OZONE,35,1,Good,20,"St. Louis-St. Charles-Farmington, MO-IL Combined Statistical Area",St. Louis,MO,2909777,2892497,38.627,-90.1994,63103,Central,-06:00,-05:00,38.75,-90.383,25
2020-04-06 ,0,CST,Saint Louis,MO,38.75,-90.383,PM2.5,53,2,Moderate,20,"St. Louis-St. Charles-Farmington, MO-IL Combined Statistical Area",St. Louis,MO,2909777,2892497,38.627,-90.1994,63103,Central,-06:00,-05:00,38.75,-90.383,25
2020-04-06 ,0,CST,Saint Louis,MO,38.75,-90.383,PM10,39,1,Good,20,"St. Louis-St. Charles-Farmington, MO-IL Combined Statistical Area",St. Louis,MO,2909777,2892497,38.627,-90.1994,63103,Central,-06:00,-05:00,38.75,-90.383,25
2020-04-07 ,0,CST,Saint Louis,MO,38.75,-90.383,OZONE,39,1,Good,20,"St. Louis-St. Charles-Farmington, MO-IL Combined Statistical Area",St. Louis,MO,2909777,2892497,38.627,-90.1994,63103,Central,-06:00,-05:00,38.75,-90.383,25
2020-04-07 ,0,CST,Saint Louis,MO,38.75,-90.383,PM2.5,40,1,Good,20,"St. Louis-St. Charles-Farmington, MO-IL Combined Statistical Area",St. Louis,MO,2909777,2892497,38.627,-90.1994,63103,Central,-06:00,-05:00,38.75,-90.383,25
2020-04-07 ,0,CST,Saint Louis,MO,38.75,-90.383,PM10,40,1,Good,20,"St. Louis-St. Charles-Farmington, MO-IL Combined Statistical Area",St. Louis,MO,2909777,2892497,38.627,-90.1994,63103,Central,-06:00,-05:00,38.75,-90.383,25
2020-04-01 ,0,EST,Mecklenburg County,NC,35.227,-80.843,OZONE,36,1,Good,21,"Charlotte-Concord, NC-SC Combined Statistical Area",Charlotte,NC,2753810,2402623,35.2271,-80.8431,28202,Eastern,-05:00,-04:00,35.227,-80.843,25
2020-04-01 ,0,EST,Mecklenburg County,NC,35.227,-80.843,PM2.5,8,1,Good,21,"Charlotte-Concord, NC-SC Combined Statistical Area",Charlotte,NC,2753810,2402623,35.2271,-80.8431,28202,Eastern,-05:00,-04:00,35.227,-80.843,25
2020-04-01 ,0,EST,Mecklenburg County,NC,35.227,-80.843,PM10,5,1,Good,21,"Charlotte-Concord, NC-SC Combined Statistical Area",Charlotte,NC,2753810,2402623,35.2271,-80.8431,28202,Eastern,-05:00,-04:00,35.227,-80.843,25
2020-04-02 ,0,EST,Mecklenburg County,NC,35.227,-80.843,OZONE,40,1,Good,21,"Charlotte-Concord, NC-SC Combined Statistical Area",Charlotte,NC,2753810,2402623,35.2271,-80.8431,28202,Eastern,-05:00,-04:00,35.227,-80.843,25
2020-04-02 ,0,EST,Mecklenburg County,NC,35.227,-80.843,PM2.5,18,1,Good,21,"Charlotte-Concord, NC-SC Combined Statistical Area",Charlotte,NC,2753810,2402623,35.2271,-80.8431,28202,Eastern,-05:00,-04:00,35.227,-80.843,25
2020-04-02 ,0,EST,Mecklenburg County,NC,35.227,-80.843,PM10,10,1,Good,21,"Charlotte-Concord, NC-SC Combined Statistical Area",Charlotte,NC,2753810,2402623,35.2271,-80.8431,28202,Eastern,-05:00,-04:00,35.227,-80.843,25
2020-04-03 ,0,EST,Mecklenburg County,NC,35.227,-80.843,OZONE,48,1,Good,21,"Charlotte-Concord, NC-SC Combined Statistical Area",Charlotte,NC,2753810,2402623,35.2271,-80.8431,28202,Eastern,-05:00,-04:00,35.227,-80.843,25
2020-04-03 ,0,EST,Mecklenburg County,NC,35.227,-80.843,PM2.5,22,1,Good,21,"Charlotte-Concord, NC-SC Combined Statistical Area",Charlotte,NC,2753810,2402623,35.2271,-80.8431,28202,Eastern,-05:00,-04:00,35.227,-80.843,25
2020-04-03 ,0,EST,Mecklenburg County,NC,35.227,-80.843,PM10,13,1,Good,21,"Charlotte-Concord, NC-SC Combined Statistical Area",Charlotte,NC,2753810,2402623,35.2271,-80.8431,28202,Eastern,-05:00,-04:00,35.227,-80.843,25
2020-04-04 ,0,EST,Mecklenburg County,NC,35.227,-80.843,OZONE,51,2,Moderate,21,"Charlotte-Concord, NC-SC Combined Statistical Area",Charlotte,NC,2753810,2402623,35.2271,-80.8431,28202,Eastern,-05:00,-04:00,35.227,-80.843,25
2020-04-04 ,0,EST,Mecklenburg County,NC,35.227,-80.843,PM2.5,33,1,Good,21,"Charlotte-Concord, NC-SC Combined Statistical Area",Charlotte,NC,2753810,2402623,35.2271,-80.8431,28202,Eastern,-05:00,-04:00,35.227,-80.843,25
2020-04-04 ,0,EST,Mecklenburg County,NC,35.227,-80.843,PM10,15,1,Good,21,"Charlotte-Concord, NC-SC Combined Statistical Area",Charlotte,NC,2753810,2402623,35.2271,-80.8431,28202,Eastern,-05:00,-04:00,35.227,-80.843,25
2020-04-05 ,0,EST,Mecklenburg County,NC,35.227,-80.843,OZONE,48,1,Good,21,"Charlotte-Concord, NC-SC Combined Statistical Area",Charlotte,NC,2753810,2402623,35.2271,-80.8431,28202,Eastern,-05:00,-04:00,35.227,-80.843,25
2020-04-05 ,0,EST,Mecklenburg County,NC,35.227,-80.843,PM2.5,47,1,Good,21,"Charlotte-Concord, NC-SC Combined Statistical Area",Charlotte,NC,2753810,2402623,35.2271,-80.8431,28202,Eastern,-05:00,-04:00,35.227,-80.843,25
2020-04-05 ,0,EST,Mecklenburg County,NC,35.227,-80.843,PM10,16,1,Good,21,"Charlotte-Concord, NC-SC Combined Statistical Area",Charlotte,NC,2753810,2402623,35.2271,-80.8431,28202,Eastern,-05:00,-04:00,35.227,-80.843,25
2020-04-06 ,0,EST,Mecklenburg County,NC,35.227,-80.843,OZONE,58,2,Moderate,21,"Charlotte-Concord, NC-SC Combined Statistical Area",Charlotte,NC,2753810,2402623,35.2271,-80.8431,28202,Eastern,-05:00,-04:00,35.227,-80.843,25
2020-04-06 ,0,EST,Mecklenburg County,NC,35.227,-80.843,PM2.5,41,1,Good,21,"Charlotte-Concord, NC-SC Combined Statistical Area",Charlotte,NC,2753810,2402623,35.2271,-80.8431,28202,Eastern,-05:00,-04:00,35.227,-80.843,25
2020-04-06 ,0,EST,Mecklenburg County,NC,35.227,-80.843,PM10,18,1,Good,21,"Charlotte-Concord, NC-SC Combined Statistical Area",Charlotte,NC,2753810,2402623,35.2271,-80.8431,28202,Eastern,-05:00,-04:00,35.227,-80.843,25
2020-04-07 ,0,EST,Mecklenburg County,NC,35.227,-80.843,OZONE,46,1,Good,21,"Charlotte-Concord, NC-SC Combined Statistical Area",Charlotte,NC,2753810,2402623,35.2271,-80.8431,28202,Eastern,-05:00,-04:00,35.227,-80.843,25
2020-04-07 ,0,EST,Mecklenburg County,NC,35.227,-80.843,PM2.5,48,1,Good,21,"Charlotte-Concord, NC-SC Combined Statistical Area",Charlotte,NC,2753810,2402623,35.2271,-80.8431,28202,Eastern,-05:00,-04:00,35.227,-80.843,25
2020-04-07 ,0,EST,Mecklenburg County,NC,35.227,-80.843,PM10,20,1,Good,21,"Charlotte-Concord, NC-SC Combined Statistical Area",Charlotte,NC,2753810,2402623,35.2271,-80.8431,28202,Eastern,-05:00,-04:00,35.227,-80.843,25
2020-04-01 ,0,PST,Sacramento,CA,38.567,-121.467,OZONE,38,1,Good,22,"Sacramento-Roseville, CA Combined Statistical Area",Sacramento,CA,2619754,2414783,38.5816,-121.4944,95814,Pacific,-08:00,-07:00,38.567,-121.467,25
2020-04-01 ,0,PST,Sacramento,CA,38.567,-121.467,PM2.5,9,1,Good,22,"Sacramento-Roseville, CA Combined Statistical Area",Sacramento,CA,2619754,2414783,38.5816,-121.4944,95814,Pacific,-08:00,-07:00,38.567,-121.467,25
2020-04-01 ,0,PST,Sacramento,CA,38.567,-121.467,PM10,11,1,Good,22,"Sacramento-Roseville, CA Combined Statistical Area",Sacramento,CA,2619754,2414783,38.5816,-121.4944,95814,Pacific,-08:00,-07:00,38.567,-121.467,25
2020-04-02 ,0,PST,Sacramento,CA,38.567,-121.467,OZONE,35,1,Good,22,"Sacramento-Roseville, CA Combined Statistical Area",Sacramento,CA,2619754,2414783,38.5816,-121.4944,95814,Pacific,-08:00,-07:00,38.567,-121.467,25
2020-04-02 ,0,PST,Sacramento,CA,38.567,-121.467,PM2.5,7,1,Good,22,"Sacramento-Roseville, CA Combined Statistical Area",Sacramento,CA,2619754,2414783,38.5816,-121.4944,95814,Pacific,-08:00,-07:00,38.567,-121.467,25
2020-04-02 ,0,PST,Sacramento,CA,38.567,-121.467,PM10,12,1,Good,22,"Sacramento-Roseville, CA Combined Statistical Area",Sacramento,CA,2619754,2414783,38.5816,-121.4944,95814,Pacific,-08:00,-07:00,38.567,-121.467,25
2020-04-03 ,0,PST,Sacramento,CA,38.567,-121.467,OZONE,33,1,Good,22,"Sacramento-Roseville, CA Combined Statistical Area",Sacramento,CA,2619754,2414783,38.5816,-121.4944,95814,Pacific,-08:00,-07:00,38.567,-121.467,25
2020-04-03 ,0,PST,Sacramento,CA,38.567,-121.467,PM2.5,15,1,Good,22,"Sacramento-Roseville, CA Combined Statistical Area",Sacramento,CA,2619754,2414783,38.5816,-121.4944,95814,Pacific,-08:00,-07:00,38.567,-121.467,25
2020-04-03 ,0,PST,Sacramento,CA,38.567,-121.467,PM10,13,1,Good,22,"Sacramento-Roseville, CA Combined Statistical Area",Sacramento,CA,2619754,2414783,38.5816,-121.4944,95814,Pacific,-08:00,-07:00,38.567,-121.467,25
2020-04-04 ,0,PST,Sacramento,CA,38.567,-121.467,OZONE,23,1,Good,22,"Sacramento-Roseville, CA Combined Statistical Area",Sacramento,CA,2619754,2414783,38.5816,-121.4944,95814,Pacific,-08:00,-07:00,38.567,-121.467,25
2020-04-04 ,0,PST,Sacramento,CA,38.567,-121.467,PM2.5,13,1,Good,22,"Sacramento-Roseville, CA Combined Statistical Area",Sacramento,CA,2619754,2414783,38.5816,-121.4944,95814,Pacific,-08:00,-07:00,38.567,-121.467,25
2020-04-04 ,0,PST,Sacramento,CA,38.567,-121.467,PM10,6,1,Good,22,"Sacramento-Roseville, CA Combined Statistical Area",Sacramento,CA,2619754,2414783,38.5816,-121.4944,95814,Pacific,-08:00,-07:00,38.567,-121.467,25
2020-04-05 ,0,PST,Sacramento,CA,38.567,-121.467,OZONE,31,1,Good,22,"Sacramento-Roseville, CA Combined Statistical Area",Sacramento,CA,2619754,2414783,38.5816,-121.4944,95814,Pacific,-08:00,-07:00,38.567,-121.467,25
2020-04-05 ,0,PST,Sacramento,CA,38.567,-121.467,PM2.5,10,1,Good,22,"Sacramento-Roseville, CA Combined Statistical Area",Sacramento,CA,2619754,2414783,38.5816,-121.4944,95814,Pacific,-08:00,-07:00,38.567,-121.467,25
2020-04-05 ,0,PST,Sacramento,CA,38.567,-121.467,PM10,3,1,Good,22,"Sacramento-Roseville, CA Combined Statistical Area",Sacramento,CA,2619754,2414783,38.5816,-121.4944,95814,Pacific,-08:00,-07:00,38.567,-121.467,25
2020-04-06 ,0,PST,Sacramento,CA,38.567,-121.467,OZONE,36,1,Good,22,"Sacramento-Roseville, CA Combined Statistical Area",Sacramento,CA,2619754,2414783,38.5816,-121.4944,95814,Pacific,-08:00,-07:00,38.567,-121.467,25
2020-04-06 ,0,PST,Sacramento,CA,38.567,-121.467,PM2.5,13,1,Good,22,"Sacramento-Roseville, CA Combined Statistical Area",Sacramento,CA,2619754,2414783,38.5816,-121.4944,95814,Pacific,-08:00,-07:00,38.567,-121.467,25
2020-04-06 ,0,PST,Sacramento,CA,38.567,-121.467,PM10,6,1,Good,22,"Sacramento-Roseville, CA Combined Statistical Area",Sacramento,CA,2619754,2414783,38.5816,-121.4944,95814,Pacific,-08:00,-07:00,38.567,-121.467,25
2020-04-07 ,0,PST,Sacramento,CA,38.567,-121.467,OZONE,36,1,Good,22,"Sacramento-Roseville, CA Combined Statistical Area",Sacramento,CA,2619754,2414783,38.5816,-121.4944,95814,Pacific,-08:00,-07:00,38.567,-121.467,25
2020-04-07 ,0,PST,Sacramento,CA,38.567,-121.467,PM2.5,14,1,Good,22,"Sacramento-Roseville, CA Combined Statistical Area",Sacramento,CA,2619754,2414783,38.5816,-121.4944,95814,Pacific,-08:00,-07:00,38.567,-121.467,25
2020-04-07 ,0,PST,Sacramento,CA,38.567,-121.467,PM10,7,1,Good,22,"Sacramento-Roseville, CA Combined Statistical Area",Sacramento,CA,2619754,2414783,38.5816,-121.4944,95814,Pacific,-08:00,-07:00,38.567,-121.467,25
2020-04-01 ,0,EST,Pittsburgh,PA,40.434,-79.984,OZONE,43,1,Good,23,"Pittsburgh-New Castle-Weirton, PA-OH-WV Combined Statistical Area",Pittsburgh,PA,2612492,2660727,40.4406,-79.9959,15222,Eastern,-05:00,-04:00,40.434,-79.984,25
2020-04-01 ,0,EST,Pittsburgh,PA,40.434,-79.984,PM2.5,23,1,Good,23,"Pittsburgh-New Castle-Weirton, PA-OH-WV Combined Statistical Area",Pittsburgh,PA,2612492,2660727,40.4406,-79.9959,15222,Eastern,-05:00,-04:00,40.434,-79.984,25
2020-04-02 ,0,EST,Pittsburgh,PA,40.434,-79.984,OZONE,44,1,Good,23,"Pittsburgh-New Castle-Weirton, PA-OH-WV Combined Statistical Area",Pittsburgh,PA,2612492,2660727,40.4406,-79.9959,15222,Eastern,-05:00,-04:00,40.434,-79.984,25
2020-04-02 ,0,EST,Pittsburgh,PA,40.434,-79.984,PM2.5,26,1,Good,23,"Pittsburgh-New Castle-Weirton, PA-OH-WV Combined Statistical Area",Pittsburgh,PA,2612492,2660727,40.4406,-79.9959,15222,Eastern,-05:00,-04:00,40.434,-79.984,25
2020-04-03 ,0,EST,Pittsburgh,PA,40.434,-79.984,OZONE,45,1,Good,23,"Pittsburgh-New Castle-Weirton, PA-OH-WV Combined Statistical Area",Pittsburgh,PA,2612492,2660727,40.4406,-79.9959,15222,Eastern,-05:00,-04:00,40.434,-79.984,25
2020-04-03 ,0,EST,Pittsburgh,PA,40.434,-79.984,PM2.5,26,1,Good,23,"Pittsburgh-New Castle-Weirton, PA-OH-WV Combined Statistical Area",Pittsburgh,PA,2612492,2660727,40.4406,-79.9959,15222,Eastern,-05:00,-04:00,40.434,-79.984,25
2020-04-04 ,0,EST,Pittsburgh,PA,40.434,-79.984,OZONE,44,1,Good,23,"Pittsburgh-New Castle-Weirton, PA-OH-WV Combined Statistical Area",Pittsburgh,PA,2612492,2660727,40.4406,-79.9959,15222,Eastern,-05:00,-04:00,40.434,-79.984,25
2020-04-04 ,0,EST,Pittsburgh,PA,40.434,-79.984,PM2.5,41,1,Good,23,"Pittsburgh-New Castle-Weirton, PA-OH-WV Combined Statistical Area",Pittsburgh,PA,2612492,2660727,40.4406,-79.9959,15222,Eastern,-05:00,-04:00,40.434,-79.984,25
2020-04-05 ,0,EST,Pittsburgh,PA,40.434,-79.984,OZONE,46,1,Good,23,"Pittsburgh-New Castle-Weirton, PA-OH-WV Combined Statistical Area",Pittsburgh,PA,2612492,2660727,40.4406,-79.9959,15222,Eastern,-05:00,-04:00,40.434,-79.984,25
2020-04-05 ,0,EST,Pittsburgh,PA,40.434,-79.984,PM2.5,62,2,Moderate,23,"Pittsburgh-New Castle-Weirton, PA-OH-WV Combined Statistical Area",Pittsburgh,PA,2612492,2660727,40.4406,-79.9959,15222,Eastern,-05:00,-04:00,40.434,-79.984,25
2020-04-06 ,0,EST,Pittsburgh,PA,40.434,-79.984,OZONE,46,1,Good,23,"Pittsburgh-New Castle-Weirton, PA-OH-WV Combined Statistical Area",Pittsburgh,PA,2612492,2660727,40.4406,-79.9959,15222,Eastern,-05:00,-04:00,40.434,-79.984,25
2020-04-06 ,0,EST,Pittsburgh,PA,40.434,-79.984,PM2.5,40,1,Good,23,"Pittsburgh-New Castle-Weirton, PA-OH-WV Combined Statistical Area",Pittsburgh,PA,2612492,2660727,40.4406,-79.9959,15222,Eastern,-05:00,-04:00,40.434,-79.984,25
2020-04-07 ,0,EST,Pittsburgh,PA,40.434,-79.984,OZONE,40,1,Good,23,"Pittsburgh-New Castle-Weirton, PA-OH-WV Combined Statistical Area",Pittsburgh,PA,2612492,2660727,40.4406,-79.9959,15222,Eastern,-05:00,-04:00,40.434,-79.984,25
2020-04-07 ,0,EST,Pittsburgh,PA,40.434,-79.984,PM2.5,46,1,Good,23,"Pittsburgh-New Castle-Weirton, PA-OH-WV Combined Statistical Area",Pittsburgh,PA,2612492,2660727,40.4406,-79.9959,15222,Eastern,-05:00,-04:00,40.434,-79.984,25
2020-04-01 ,0,MST,Salt Lake City,UT,40.777,-111.93,OZONE,41,1,Good,24,"Salt Lake City-Provo-Orem, UT Combined Statistical Area",Salt Lake City,UT,2606548,2271696,40.7608,-111.891,84101,Mountain,-07:00,-06:00,40.777,-111.93,25
2020-04-01 ,0,MST,Salt Lake City,UT,40.777,-111.93,PM2.5,16,1,Good,24,"Salt Lake City-Provo-Orem, UT Combined Statistical Area",Salt Lake City,UT,2606548,2271696,40.7608,-111.891,84101,Mountain,-07:00,-06:00,40.777,-111.93,25
2020-04-02 ,0,MST,Salt Lake City,UT,40.777,-111.93,OZONE,41,1,Good,24,"Salt Lake City-Provo-Orem, UT Combined Statistical Area",Salt Lake City,UT,2606548,2271696,40.7608,-111.891,84101,Mountain,-07:00,-06:00,40.777,-111.93,25
2020-04-02 ,0,MST,Salt Lake City,UT,40.777,-111.93,PM2.5,10,1,Good,24,"Salt Lake City-Provo-Orem, UT Combined Statistical Area",Salt Lake City,UT,2606548,2271696,40.7608,-111.891,84101,Mountain,-07:00,-06:00,40.777,-111.93,25
2020-04-03 ,0,MST,Salt Lake City,UT,40.777,-111.93,OZONE,43,1,Good,24,"Salt Lake City-Provo-Orem, UT Combined Statistical Area",Salt Lake City,UT,2606548,2271696,40.7608,-111.891,84101,Mountain,-07:00,-06:00,40.777,-111.93,25
2020-04-03 ,0,MST,Salt Lake City,UT,40.777,-111.93,PM2.5,14,1,Good,24,"Salt Lake City-Provo-Orem, UT Combined Statistical Area",Salt Lake City,UT,2606548,2271696,40.7608,-111.891,84101,Mountain,-07:00,-06:00,40.777,-111.93,25
2020-04-04 ,0,MST,Salt Lake City,UT,40.777,-111.93,OZONE,45,1,Good,24,"Salt Lake City-Provo-Orem, UT Combined Statistical Area",Salt Lake City,UT,2606548,2271696,40.7608,-111.891,84101,Mountain,-07:00,-06:00,40.777,-111.93,25
2020-04-04 ,0,MST,Salt Lake City,UT,40.777,-111.93,PM2.5,33,1,Good,24,"Salt Lake City-Provo-Orem, UT Combined Statistical Area",Salt Lake City,UT,2606548,2271696,40.7608,-111.891,84101,Mountain,-07:00,-06:00,40.777,-111.93,25
2020-04-05 ,0,MST,Salt Lake City,UT,40.777,-111.93,OZONE,47,1,Good,24,"Salt Lake City-Provo-Orem, UT Combined Statistical Area",Salt Lake City,UT,2606548,2271696,40.7608,-111.891,84101,Mountain,-07:00,-06:00,40.777,-111.93,25
2020-04-05 ,0,MST,Salt Lake City,UT,40.777,-111.93,PM2.5,23,1,Good,24,"Salt Lake City-Provo-Orem, UT Combined Statistical Area",Salt Lake City,UT,2606548,2271696,40.7608,-111.891,84101,Mountain,-07:00,-06:00,40.777,-111.93,25
2020-04-06 ,0,MST,Salt Lake City,UT,40.777,-111.93,OZONE,43,1,Good,24,"Salt Lake City-Provo-Orem, UT Combined Statistical Area",Salt Lake City,UT,2606548,2271696,40.7608,-111.891,84101,Mountain,-07:00,-06:00,40.777,-111.93,25
2020-04-06 ,0,MST,Salt Lake City,UT,40.777,-111.93,PM2.5,22,1,Good,24,"Salt Lake City-Provo-Orem, UT Combined Statistical Area",Salt Lake City,UT,2606548,2271696,40.7608,-111.891,84101,Mountain,-07:00,-06:00,40.777,-111.93,25
2020-04-07 ,0,MST,Salt Lake City,UT,40.777,-111.93,OZONE,43,1,Good,24,"Salt Lake City-Provo-Orem, UT Combined Statistical Area",Salt Lake City,UT,2606548,2271696,40.7608,-111.891,84101,Mountain,-07:00,-06:00,40.777,-111.93,25
2020-04-07 ,0,MST,Salt Lake City,UT,40.777,-111.93,PM2.5,25,1,Good,24,"Salt Lake City-Provo-Orem, UT Combined Statistical Area",Salt Lake City,UT,2606548,2271696,40.7608,-111.891,84101,Mountain,-07:00,-06:00,40.777,-111.93,25
2020-04-01 ,0,CST,San Antonio,TX,29.417,-98.484,OZONE,61,2,Moderate,25,"San Antonio-New Braunfels-Pearsall, TX Combined Statistical Area",San Antonio,TX,2555933,2175934,29.4241,-98.4936,78205,Central,-06:00,-05:00,29.417,-98.484,25
2020-04-01 ,0,CST,San Antonio,TX,29.417,-98.484,PM2.5,26,1,Good,25,"San Antonio-New Braunfels-Pearsall, TX Combined Statistical Area",San Antonio,TX,2555933,2175934,29.4241,-98.4936,78205,Central,-06:00,-05:00,29.417,-98.484,25
2020-04-02 ,0,CST,San Antonio,TX,29.417,-98.484,OZONE,30,1,Good,25,"San Antonio-New Braunfels-Pearsall, TX Combined Statistical Area",San Antonio,TX,2555933,2175934,29.4241,-98.4936,78205,Central,-06:00,-05:00,29.417,-98.484,25
2020-04-02 ,0,CST,San Antonio,TX,29.417,-98.484,PM2.5,36,1,Good,25,"San Antonio-New Braunfels-Pearsall, TX Combined Statistical Area",San Antonio,TX,2555933,2175934,29.4241,-98.4936,78205,Central,-06:00,-05:00,29.417,-98.484,25
2020-04-03 ,0,CST,San Antonio,TX,29.417,-98.484,OZONE,25,1,Good,25,"San Antonio-New Braunfels-Pearsall, TX Combined Statistical Area",San Antonio,TX,2555933,2175934,29.4241,-98.4936,78205,Central,-06:00,-05:00,29.417,-98.484,25
2020-04-03 ,0,CST,San Antonio,TX,29.417,-98.484,PM2.5,37,1,Good,25,"San Antonio-New Braunfels-Pearsall, TX Combined Statistical Area",San Antonio,TX,2555933,2175934,29.4241,-98.4936,78205,Central,-06:00,-05:00,29.417,-98.484,25
2020-04-04 ,0,CST,San Antonio,TX,29.417,-98.484,OZONE,22,1,Good,25,"San Antonio-New Braunfels-Pearsall, TX Combined Statistical Area",San Antonio,TX,2555933,2175934,29.4241,-98.4936,78205,Central,-06:00,-05:00,29.417,-98.484,25
2020-04-04 ,0,CST,San Antonio,TX,29.417,-98.484,PM2.5,17,1,Good,25,"San Antonio-New Braunfels-Pearsall, TX Combined Statistical Area",San Antonio,TX,2555933,2175934,29.4241,-98.4936,78205,Central,-06:00,-05:00,29.417,-98.484,25
2020-04-05 ,0,CST,San Antonio,TX,29.417,-98.484,OZONE,37,1,Good,25,"San Antonio-New Braunfels-Pearsall, TX Combined Statistical Area",San Antonio,TX,2555933,2175934,29.4241,-98.4936,78205,Central,-06:00,-05:00,29.417,-98.484,25
2020-04-05 ,0,CST,San Antonio,TX,29.417,-98.484,PM2.5,43,1,Good,25,"San Antonio-New Braunfels-Pearsall, TX Combined Statistical Area",San Antonio,TX,2555933,2175934,29.4241,-98.4936,78205,Central,-06:00,-05:00,29.417,-98.484,25
2020-04-06 ,0,CST,San Antonio,TX,29.417,-98.484,OZONE,41,1,Good,25,"San Antonio-New Braunfels-Pearsall, TX Combined Statistical Area",San Antonio,TX,2555933,2175934,29.4241,-98.4936,78205,Central,-06:00,-05:00,29.417,-98.484,25
2020-04-06 ,0,CST,San Antonio,TX,29.417,-98.484,PM2.5,58,2,Moderate,25,"San Antonio-New Braunfels-Pearsall, TX Combined Statistical Area",San Antonio,TX,2555933,2175934,29.4241,-98.4936,78205,Central,-06:00,-05:00,29.417,-98.484,25
2020-04-07 ,0,CST,San Antonio,TX,29.417,-98.484,OZONE,29,1,Good,25,"San Antonio-New Braunfels-Pearsall, TX Combined Statistical Area",San Antonio,TX,2555933,2175934,29.4241,-98.4936,78205,Central,-06:00,-05:00,29.417,-98.484,25
2020-04-07 ,0,CST,San Antonio,TX,29.417,-98.484,PM2.5,58,2,Moderate,25,"San Antonio-New Braunfels-Pearsall, TX Combined Statistical Area",San Antonio,TX,2555933,2175934,29.4241,-98.4936,78205,Central,-06:00,-05:00,29.417,-98.484,25
